prosumer_id;timestamp;consumption_kWh;generation_kWh;excess_injection_kWh;import_from_grid_kWh;sub_station
0;1/1/2020 0:00;4,84E+16;0;0;4,84E+16;0
1;1/1/2020 0:00;9,70E+15;0;0;9,70E+15;0
2;1/1/2020 0:00;8,17E+15;0;0;8,17E+15;0
3;1/1/2020 0:00;7,24E+15;0;0;7,24E+15;0
4;1/1/2020 0:00;3,75E+16;0;0;3,75E+16;0
5;1/1/2020 0:00;3,90E+15;0;0;3,90E+15;0
6;1/1/2020 0:00;3,25E+15;0;0;3,25E+15;0
7;1/1/2020 0:00;1,12E+16;0;0;1,12E+16;0
8;1/1/2020 0:00;7,50E+15;0;0;7,50E+15;0
9;1/1/2020 0:00;7,07E+15;0;0;7,07E+15;0
10;1/1/2020 0:00;2,43E+15;0;0;2,43E+15;0
11;1/1/2020 0:00;1,02E+16;0;0;1,02E+16;0
12;1/1/2020 0:00;8,52E+15;0;0;8,52E+15;0
13;1/1/2020 0:00;4,43E+16;0;0;4,43E+16;0
14;1/1/2020 0:00;4,25E+16;0;0;4,25E+16;0
15;1/1/2020 0:00;3,51E+15;0;0;3,51E+15;0
16;1/1/2020 0:00;3,94E+15;0;0;3,94E+15;0
17;1/1/2020 0:00;6,88E+15;0;0;6,88E+15;0
18;1/1/2020 0:00;6,39E+15;0;0;6,39E+15;0
19;1/1/2020 0:00;4,96E+16;0;0;4,96E+16;0
20;1/1/2020 0:00;7,68E+15;0;0;7,68E+15;0
21;1/1/2020 0:00;3,70E+15;0;0;3,70E+15;0
22;1/1/2020 0:00;5,59E+15;0;0;5,59E+15;0
23;1/1/2020 0:00;4,74E+16;0;0;4,74E+16;0
24;1/1/2020 0:00;562970004;0;0;562970004;0
25;1/1/2020 0:00;803690312;0;0;803690312;0
26;1/1/2020 0:00;3,67E+16;0;0;3,67E+16;0
27;1/1/2020 0:00;5,98E+15;0;0;5,98E+15;0
28;1/1/2020 0:00;6,88E+15;0;0;6,88E+15;0
29;1/1/2020 0:00;2,79E+15;0;0;2,79E+15;0
30;1/1/2020 0:00;7,15E+15;0;0;7,15E+15;0
31;1/1/2020 0:00;411396043;0;0;411396043;0
32;1/1/2020 0:00;3,32E+15;0;0;3,32E+15;0
33;1/1/2020 0:00;9,27E+15;0;0;9,27E+15;0
34;1/1/2020 0:00;1,07E+16;0;0;1,07E+16;0
35;1/1/2020 0:00;8,44E+15;0;0;8,44E+15;0
36;1/1/2020 0:00;583946894;0;0;583946894;0
37;1/1/2020 0:00;3,16E+16;0;0;3,16E+16;0
38;1/1/2020 0:00;785617766;0;0;785617766;0
39;1/1/2020 0:00;6,22E+15;0;0;6,22E+15;0
40;1/1/2020 0:00;3,85E+16;0;0;3,85E+16;0
41;1/1/2020 0:00;6,54E+15;0;0;6,54E+15;0
42;1/1/2020 0:00;2,85E+16;0;0;2,85E+16;0
43;1/1/2020 0:00;1,02E+16;0;0;1,02E+16;0
44;1/1/2020 0:00;4,80E+16;0;0;4,80E+16;0
45;1/1/2020 0:00;6,59E+15;0;0;6,59E+15;0
46;1/1/2020 0:00;4,83E+16;0;0;4,83E+16;0
47;1/1/2020 0:00;7,69E+15;0;0;7,69E+15;0
48;1/1/2020 0:00;6,51E+15;0;0;6,51E+15;0
49;1/1/2020 0:00;4,76E+16;0;0;4,76E+16;0
50;1/1/2020 0:00;9,88E+15;0;0;9,88E+15;0
51;1/1/2020 0:00;7,59E+15;0;0;7,59E+15;0
52;1/1/2020 0:00;7,15E+15;0;0;7,15E+15;0
53;1/1/2020 0:00;8,64E+15;0;0;8,64E+15;0
54;1/1/2020 0:00;5,95E+15;0;0;5,95E+15;0
55;1/1/2020 0:00;1,09E+16;0;0;1,09E+16;0
56;1/1/2020 0:00;3,49E+15;0;0;3,49E+15;0
57;1/1/2020 0:00;4,01E+15;0;0;4,01E+15;0
58;1/1/2020 0:00;306107999;0;0;306107999;0
59;1/1/2020 0:00;5,53E+15;0;0;5,53E+15;0
60;1/1/2020 0:00;5,07E+15;0;0;5,07E+15;0
61;1/1/2020 0:00;3,72E+15;0;0;3,72E+15;0
62;1/1/2020 0:00;9,24E+15;0;0;9,24E+15;0
63;1/1/2020 0:00;510968764;0;0;510968764;0
64;1/1/2020 0:00;4,85E+16;0;0;4,85E+16;0
65;1/1/2020 0:00;6,85E+15;0;0;6,85E+15;0
66;1/1/2020 0:00;3,70E+15;0;0;3,70E+15;0
67;1/1/2020 0:00;7,86E+15;0;0;7,86E+15;0
68;1/1/2020 0:00;3,12E+16;0;0;3,12E+16;0
69;1/1/2020 0:00;1,10E+15;0;0;1,10E+15;0
70;1/1/2020 0:00;895876375;0;0;895876375;0
71;1/1/2020 0:00;4,51E+15;0;0;4,51E+15;0
72;1/1/2020 0:00;2,39E+16;0;0;2,39E+16;0
73;1/1/2020 0:00;8,46E+15;0;0;8,46E+15;0
74;1/1/2020 0:00;7,43E+15;0;0;7,43E+15;0
75;1/1/2020 0:00;8,58E+15;0;0;8,58E+15;0
76;1/1/2020 0:00;6,51E+15;0;0;6,51E+15;0
77;1/1/2020 0:00;329389582;0;0;329389582;0
78;1/1/2020 0:00;5,44E+15;0;0;5,44E+15;0
79;1/1/2020 0:00;3,64E+15;0;0;3,64E+15;0
80;1/1/2020 0:00;1,00E+16;0;0;1,00E+16;0
81;1/1/2020 0:00;6,21E+15;0;0;6,21E+15;1
82;1/1/2020 0:00;5,20E+15;0;0;5,20E+15;1
83;1/1/2020 0:00;2,84E+15;0;0;2,84E+15;1
84;1/1/2020 0:00;5,17E+15;0;0;5,17E+15;1
85;1/1/2020 0:00;4,72E+16;0;0;4,72E+16;1
86;1/1/2020 0:00;8,43E+15;0;0;8,43E+15;1
87;1/1/2020 0:00;745113055;0;0;745113055;1
88;1/1/2020 0:00;9,27E+15;0;0;9,27E+15;1
89;1/1/2020 0:00;5,20E+15;0;0;5,20E+15;1
90;1/1/2020 0:00;3,18E+16;0;0;3,18E+16;1
91;1/1/2020 0:00;6,08E+15;0;0;6,08E+15;1
92;1/1/2020 0:00;1,01E+15;0;0;1,01E+15;1
93;1/1/2020 0:00;7,07E+15;0;0;7,07E+15;1
94;1/1/2020 0:00;7,77E+15;0;0;7,77E+15;1
95;1/1/2020 0:00;6,81E+15;0;0;6,81E+15;1
96;1/1/2020 0:00;7,16E+15;0;0;7,16E+15;1
97;1/1/2020 0:00;6,31E+15;0;0;6,31E+15;1
98;1/1/2020 0:00;2,25E+16;0;0;2,25E+16;1
99;1/1/2020 0:00;2,73E+16;0;0;2,73E+16;1
100;1/1/2020 0:00;2,23E+16;0;0;2,23E+16;1
101;1/1/2020 0:00;822387121;0;0;822387121;1
102;1/1/2020 0:00;5,35E+15;0;0;5,35E+15;1
103;1/1/2020 0:00;752265432;0;0;752265432;1
104;1/1/2020 0:00;912017372;0;0;912017372;1
105;1/1/2020 0:00;4,50E+15;0;0;4,50E+15;1
106;1/1/2020 0:00;5,18E+15;0;0;5,18E+15;1
107;1/1/2020 0:00;7,52E+15;0;0;7,52E+15;1
108;1/1/2020 0:00;4,55E+15;0;0;4,55E+15;1
109;1/1/2020 0:00;2,72E+16;0;0;2,72E+16;1
110;1/1/2020 0:00;4,39E+16;0;0;4,39E+16;1
111;1/1/2020 0:00;3,76E+15;0;0;3,76E+15;1
112;1/1/2020 0:00;8,47E+15;0;0;8,47E+15;1
113;1/1/2020 0:00;8,66E+15;0;0;8,66E+15;1
114;1/1/2020 0:00;8,52E+15;0;0;8,52E+15;1
115;1/1/2020 0:00;8,78E+15;0;0;8,78E+15;1
116;1/1/2020 0:00;7,51E+15;0;0;7,51E+15;1
117;1/1/2020 0:00;3,72E+16;0;0;3,72E+16;1
118;1/1/2020 0:00;8,17E+15;0;0;8,17E+15;1
119;1/1/2020 0:00;6,84E+15;0;0;6,84E+15;1
120;1/1/2020 0:00;772242455;0;0;772242455;1
121;1/1/2020 0:00;910562023;0;0;910562023;1
122;1/1/2020 0:00;5,17E+15;0;0;5,17E+15;1
123;1/1/2020 0:00;307143721;0;0;307143721;1
124;1/1/2020 0:00;4,45E+15;0;0;4,45E+15;1
125;1/1/2020 0:00;5,42E+15;0;0;5,42E+15;1
126;1/1/2020 0:00;8,40E+15;0;0;8,40E+15;1
127;1/1/2020 0:00;8,76E+15;0;0;8,76E+15;2
128;1/1/2020 0:00;2,56E+16;0;0;2,56E+16;2
129;1/1/2020 0:00;550276359;0;0;550276359;2
130;1/1/2020 0:00;5,57E+15;0;0;5,57E+15;2
131;1/1/2020 0:00;3,91E+16;0;0;3,91E+16;2
132;1/1/2020 0:00;3,34E+16;0;0;3,34E+16;2
133;1/1/2020 0:00;5,47E+15;0;0;5,47E+15;2
134;1/1/2020 0:00;1,02E+16;0;0;1,02E+16;2
135;1/1/2020 0:00;4,28E+15;0;0;4,28E+15;2
136;1/1/2020 0:00;5,84E+15;0;0;5,84E+15;2
137;1/1/2020 0:00;7,03E+15;0;0;7,03E+15;2
138;1/1/2020 0:00;4,70E+16;0;0;4,70E+16;2
139;1/1/2020 0:00;9,58E+15;0;0;9,58E+15;2
140;1/1/2020 0:00;1,05E+16;0;0;1,05E+16;2
141;1/1/2020 0:00;4,37E+16;0;0;4,37E+16;2
142;1/1/2020 0:00;657358532;0;0;657358532;2
143;1/1/2020 0:00;5,02E+15;0;0;5,02E+15;2
144;1/1/2020 0:00;4,13E+16;0;0;4,13E+16;2
145;1/1/2020 0:00;2,66E+16;0;0;2,66E+16;2
146;1/1/2020 0:00;7,10E+15;0;0;7,10E+15;2
147;1/1/2020 0:00;6,14E+15;0;0;6,14E+15;2
148;1/1/2020 0:00;3,30E+15;0;0;3,30E+15;2
149;1/1/2020 0:00;4,78E+15;0;0;4,78E+15;2
150;1/1/2020 0:00;9,17E+15;0;0;9,17E+15;2
151;1/1/2020 0:00;4,51E+16;0;0;4,51E+16;2
152;1/1/2020 0:00;3,75E+15;0;0;3,75E+15;2
153;1/1/2020 0:00;5,72E+15;0;0;5,72E+15;2
154;1/1/2020 0:00;8,77E+15;0;0;8,77E+15;2
155;1/1/2020 0:00;430781214;0;0;430781214;2
156;1/1/2020 0:00;7,28E+15;0;0;7,28E+15;2
157;1/1/2020 0:00;8,03E+15;0;0;8,03E+15;2
158;1/1/2020 0:00;3,84E+16;0;0;3,84E+16;2
159;1/1/2020 0:00;6,65E+15;0;0;6,65E+15;2
160;1/1/2020 0:00;5,75E+15;0;0;5,75E+15;2
161;1/1/2020 0:00;8,38E+15;0;0;8,38E+15;2
162;1/1/2020 0:00;6,18E+15;0;0;6,18E+15;2
163;1/1/2020 0:00;5,91E+15;0;0;5,91E+15;2
164;1/1/2020 0:00;2,70E+15;0;0;2,70E+15;2
165;1/1/2020 0:00;7,45E+15;0;0;7,45E+15;2
166;1/1/2020 0:00;4,64E+16;0;0;4,64E+16;2
167;1/1/2020 0:00;3,90E+16;0;0;3,90E+16;2
168;1/1/2020 0:00;2,90E+16;0;0;2,90E+16;2
169;1/1/2020 0:00;6,99E+15;0;0;6,99E+15;2
170;1/1/2020 0:00;687583432;0;0;687583432;2
171;1/1/2020 0:00;2,64E+15;0;0;2,64E+15;2
172;1/1/2020 0:00;7,11E+15;0;0;7,11E+15;2
173;1/1/2020 0:00;3,66E+16;0;0;3,66E+16;2
174;1/1/2020 0:00;7,77E+15;0;0;7,77E+15;2
175;1/1/2020 0:00;3,62E+15;0;0;3,62E+15;2
176;1/1/2020 0:00;8,23E+15;0;0;8,23E+15;2
177;1/1/2020 0:00;4,33E+16;0;0;4,33E+16;2
178;1/1/2020 0:00;8,98E+15;0;0;8,98E+15;2
179;1/1/2020 0:00;3,30E+15;0;0;3,30E+15;2
180;1/1/2020 0:00;5,31E+15;0;0;5,31E+15;2
181;1/1/2020 0:00;3,33E+15;0;0;3,33E+15;2
182;1/1/2020 0:00;9,73E+15;0;0;9,73E+15;2
183;1/1/2020 0:00;1,01E+16;0;0;1,01E+16;2
184;1/1/2020 0:00;392524497;0;0;392524497;2
185;1/1/2020 0:00;7,52E+15;0;0;7,52E+15;2
186;1/1/2020 0:00;921855579;0;0;921855579;2
187;1/1/2020 0:00;6,70E+15;0;0;6,70E+15;2
188;1/1/2020 0:00;6,56E+15;0;0;6,56E+15;2
189;1/1/2020 0:00;4,27E+15;0;0;4,27E+15;2
190;1/1/2020 0:00;2,90E+15;0;0;2,90E+15;2
191;1/1/2020 0:00;9,19E+15;0;0;9,19E+15;2
192;1/1/2020 0:00;795621144;0;0;795621144;2
193;1/1/2020 0:00;6,52E+15;0;0;6,52E+15;2
194;1/1/2020 0:00;586280748;0;0;586280748;2
195;1/1/2020 0:00;6,21E+15;0;0;6,21E+15;2
196;1/1/2020 0:00;9,02E+15;0;0;9,02E+15;2
197;1/1/2020 0:00;1026522839;0;0;1026522839;2
198;1/1/2020 0:00;937214126;0;0;937214126;2
199;1/1/2020 0:00;9,96E+15;0;0;9,96E+15;2
200;1/1/2020 0:00;6,68E+15;0;0;6,68E+15;2
201;1/1/2020 0:00;3,20E+15;0;0;3,20E+15;2
202;1/1/2020 0:00;3,81E+15;0;0;3,81E+15;2
203;1/1/2020 0:00;7,57E+15;0;0;7,57E+15;2
204;1/1/2020 0:00;7,96E+15;0;0;7,96E+15;2
205;1/1/2020 0:00;2,85E+15;0;0;2,85E+15;2
206;1/1/2020 0:00;3,77E+15;0;0;3,77E+15;2
207;1/1/2020 0:00;6,78E+15;0;0;6,78E+15;2
208;1/1/2020 0:00;2,70E+15;0;0;2,70E+15;2
209;1/1/2020 0:00;3,79E+16;0;0;3,79E+16;2
210;1/1/2020 0:00;7,99E+15;0;0;7,99E+15;2
211;1/1/2020 0:00;7,70E+15;0;0;7,70E+15;2
212;1/1/2020 0:00;6,10E+15;0;0;6,10E+15;2
213;1/1/2020 0:00;3,36E+15;0;0;3,36E+15;2
214;1/1/2020 0:00;8,13E+15;0;0;8,13E+15;2
215;1/1/2020 0:00;3,94E+15;0;0;3,94E+15;2
216;1/1/2020 0:00;4,59E+15;0;0;4,59E+15;2
217;1/1/2020 0:00;7,74E+15;0;0;7,74E+15;2
218;1/1/2020 0:00;7,30E+15;0;0;7,30E+15;2
219;1/1/2020 0:00;8,55E+15;0;0;8,55E+15;2
220;1/1/2020 0:00;709193643;0;0;709193643;2
221;1/1/2020 0:00;5,53E+15;0;0;5,53E+15;2
222;1/1/2020 0:00;3,00E+15;0;0;3,00E+15;2
223;1/1/2020 0:00;5,68E+15;0;0;5,68E+15;2
224;1/1/2020 0:00;4,48E+15;0;0;4,48E+15;2
225;1/1/2020 0:00;4,46E+15;0;0;4,46E+15;2
226;1/1/2020 0:00;1037358148;0;0;1037358148;2
227;1/1/2020 0:00;4,98E+15;0;0;4,98E+15;2
228;1/1/2020 0:00;802764991;0;0;802764991;2
229;1/1/2020 0:00;7,55E+15;0;0;7,55E+15;2
230;1/1/2020 0:00;8,51E+15;0;0;8,51E+15;2
231;1/1/2020 0:00;8,41E+15;0;0;8,41E+15;2
232;1/1/2020 0:00;717252337;0;0;717252337;2
233;1/1/2020 0:00;5,30E+15;0;0;5,30E+15;2
234;1/1/2020 0:00;3,71E+15;0;0;3,71E+15;2
235;1/1/2020 0:00;6,59E+15;0;0;6,59E+15;2
236;1/1/2020 0:00;4,94E+15;0;0;4,94E+15;2
237;1/1/2020 0:00;2,77E+15;0;0;2,77E+15;2
238;1/1/2020 0:00;8,24E+15;0;0;8,24E+15;2
239;1/1/2020 0:00;4,41E+15;0;0;4,41E+15;2
240;1/1/2020 0:00;9,43E+15;0;0;9,43E+15;2
241;1/1/2020 0:00;9,83E+15;0;0;9,83E+15;2
242;1/1/2020 0:00;9,34E+15;0;0;9,34E+15;2
243;1/1/2020 0:00;5,45E+15;0;0;5,45E+15;2
244;1/1/2020 0:00;2,43E+16;0;0;2,43E+16;2
245;1/1/2020 0:00;1,01E+16;0;0;1,01E+16;2
246;1/1/2020 0:00;6,19E+15;0;0;6,19E+15;2
247;1/1/2020 0:00;9,14E+15;0;0;9,14E+15;2
248;1/1/2020 0:00;1,05E+16;0;0;1,05E+16;2
249;1/1/2020 0:00;1,08E+16;0;0;1,08E+16;2
250;1/1/2020 0:00;4,34E+16;0;0;4,34E+16;2
251;1/1/2020 0:00;5,40E+15;0;0;5,40E+15;2
252;1/1/2020 0:00;8,45E+15;0;0;8,45E+15;2
253;1/1/2020 0:00;4,51E+16;0;0;4,51E+16;2
254;1/1/2020 0:00;4,48E+16;0;0;4,48E+16;2
255;1/1/2020 0:00;4,92E+15;0;0;4,92E+15;2
256;1/1/2020 0:00;9,47E+15;0;0;9,47E+15;2
257;1/1/2020 0:00;8,12E+15;0;0;8,12E+15;2
258;1/1/2020 0:00;770742744;0;0;770742744;2
259;1/1/2020 0:00;3,25E+15;0;0;3,25E+15;2
260;1/1/2020 0:00;8,41E+15;0;0;8,41E+15;2
261;1/1/2020 0:00;1,13E+15;0;0;1,13E+15;2
262;1/1/2020 0:00;4,33E+15;0;0;4,33E+15;3
263;1/1/2020 0:00;6,27E+15;0;0;6,27E+15;3
264;1/1/2020 0:00;9,03E+15;0;0;9,03E+15;3
265;1/1/2020 0:00;8,93E+15;0;0;8,93E+15;3
266;1/1/2020 0:00;7,41E+15;0;0;7,41E+15;3
267;1/1/2020 0:00;8,24E+15;0;0;8,24E+15;3
268;1/1/2020 0:00;4,10E+15;0;0;4,10E+15;3
269;1/1/2020 0:00;4,02E+16;0;0;4,02E+16;3
270;1/1/2020 0:00;8,57E+15;0;0;8,57E+15;3
271;1/1/2020 0:00;9,24E+15;0;0;9,24E+15;3
272;1/1/2020 0:00;7,61E+15;0;0;7,61E+15;3
273;1/1/2020 0:00;9,37E+15;0;0;9,37E+15;3
274;1/1/2020 0:00;5,79E+15;0;0;5,79E+15;3
275;1/1/2020 0:00;638175358;0;0;638175358;3
276;1/1/2020 0:00;7,99E+15;0;0;7,99E+15;3
277;1/1/2020 0:00;6,84E+15;0;0;6,84E+15;3
278;1/1/2020 0:00;751920877;0;0;751920877;3
279;1/1/2020 0:00;9,91E+15;0;0;9,91E+15;3
280;1/1/2020 0:00;9,82E+15;0;0;9,82E+15;3
281;1/1/2020 0:00;520924349;0;0;520924349;3
282;1/1/2020 0:00;4,78E+15;0;0;4,78E+15;3
283;1/1/2020 0:00;2,85E+15;0;0;2,85E+15;3
284;1/1/2020 0:00;6,92E+15;0;0;6,92E+15;3
285;1/1/2020 0:00;2,88E+15;0;0;2,88E+15;3
286;1/1/2020 0:00;5,74E+15;0;0;5,74E+15;3
287;1/1/2020 0:00;6,57E+15;0;0;6,57E+15;3
288;1/1/2020 0:00;4,68E+16;0;0;4,68E+16;3
289;1/1/2020 0:00;6,74E+15;0;0;6,74E+15;3
290;1/1/2020 0:00;2,71E+16;0;0;2,71E+16;3
291;1/1/2020 0:00;2,63E+15;0;0;2,63E+15;3
292;1/1/2020 0:00;814765814;0;0;814765814;3
293;1/1/2020 0:00;4,21E+16;0;0;4,21E+16;3
294;1/1/2020 0:00;3,09E+16;0;0;3,09E+16;3
295;1/1/2020 0:00;6,56E+15;0;0;6,56E+15;3
296;1/1/2020 0:00;8,55E+15;0;0;8,55E+15;3
297;1/1/2020 0:00;3,85E+16;0;0;3,85E+16;3
298;1/1/2020 0:00;6,89E+15;0;0;6,89E+15;3
299;1/1/2020 0:00;3,43E+16;0;0;3,43E+16;3
300;1/1/2020 0:00;2,84E+16;0;0;2,84E+16;3
301;1/1/2020 0:00;7,18E+15;0;0;7,18E+15;3
302;1/1/2020 0:00;6,69E+15;0;0;6,69E+15;3
303;1/1/2020 0:00;7,72E+15;0;0;7,72E+15;3
304;1/1/2020 0:00;9,88E+15;0;0;9,88E+15;3
305;1/1/2020 0:00;9,63E+15;0;0;9,63E+15;3
306;1/1/2020 0:00;6,04E+15;0;0;6,04E+15;3
307;1/1/2020 0:00;4,35E+15;0;0;4,35E+15;3
308;1/1/2020 0:00;7,61E+15;0;0;7,61E+15;3
309;1/1/2020 0:00;4,44E+15;0;0;4,44E+15;3
310;1/1/2020 0:00;6,09E+15;0;0;6,09E+15;3
311;1/1/2020 0:00;2,97E+16;0;0;2,97E+16;3
312;1/1/2020 0:00;3,09E+16;0;0;3,09E+16;3
313;1/1/2020 0:00;9,30E+15;0;0;9,30E+15;3
314;1/1/2020 0:00;1,03E+16;0;0;1,03E+16;3
315;1/1/2020 0:00;8,67E+15;0;0;8,67E+15;3
316;1/1/2020 0:00;6,32E+15;0;0;6,32E+15;3
317;1/1/2020 0:00;3,70E+15;0;0;3,70E+15;3
318;1/1/2020 0:00;3,59E+15;0;0;3,59E+15;3
319;1/1/2020 0:00;4,22E+15;0;0;4,22E+15;3
320;1/1/2020 0:00;7,44E+15;0;0;7,44E+15;3
321;1/1/2020 0:00;879494473;0;0;879494473;3
322;1/1/2020 0:00;7,76E+15;0;0;7,76E+15;3
323;1/1/2020 0:00;5,04E+15;0;0;5,04E+15;3
324;1/1/2020 0:00;1,00E+16;0;0;1,00E+16;3
325;1/1/2020 0:00;9,99E+15;0;0;9,99E+15;3
326;1/1/2020 0:00;6,68E+15;0;0;6,68E+15;3
327;1/1/2020 0:00;5,98E+15;0;0;5,98E+15;3
328;1/1/2020 0:00;6,11E+15;0;0;6,11E+15;3
329;1/1/2020 0:00;4,53E+15;0;0;4,53E+15;3
330;1/1/2020 0:00;4,99E+15;0;0;4,99E+15;3
331;1/1/2020 0:00;7,51E+15;0;0;7,51E+15;3
332;1/1/2020 0:00;3,00E+15;0;0;3,00E+15;3
333;1/1/2020 0:00;3,42E+15;0;0;3,42E+15;3
334;1/1/2020 0:00;3,16E+15;0;0;3,16E+15;3
335;1/1/2020 0:00;2,71E+16;0;0;2,71E+16;3
336;1/1/2020 0:00;1,02E+16;0;0;1,02E+16;3
337;1/1/2020 0:00;7,63E+15;0;0;7,63E+15;3
338;1/1/2020 0:00;5,62E+15;0;0;5,62E+15;3
339;1/1/2020 0:00;3,39E+15;0;0;3,39E+15;3
340;1/1/2020 0:00;6,29E+15;0;0;6,29E+15;3
341;1/1/2020 0:00;7,29E+15;0;0;7,29E+15;3
342;1/1/2020 0:00;3,77E+16;0;0;3,77E+16;3
343;1/1/2020 0:00;6,52E+15;0;0;6,52E+15;3
344;1/1/2020 0:00;4,79E+16;0;0;4,79E+16;3
345;1/1/2020 0:00;6,08E+15;0;0;6,08E+15;3
346;1/1/2020 0:00;7,08E+15;0;0;7,08E+15;3
347;1/1/2020 0:00;2,98E+16;0;0;2,98E+16;3
348;1/1/2020 0:00;5,88E+15;0;0;5,88E+15;3
349;1/1/2020 0:00;6,12E+15;0;0;6,12E+15;3
350;1/1/2020 0:00;625377961;0;0;625377961;3
351;1/1/2020 0:00;8,42E+15;0;0;8,42E+15;3
352;1/1/2020 0:00;6,47E+15;0;0;6,47E+15;3
353;1/1/2020 0:00;345960428;0;0;345960428;3
354;1/1/2020 0:00;2,85E+15;0;0;2,85E+15;3
355;1/1/2020 0:00;7,78E+15;0;0;7,78E+15;3
356;1/1/2020 0:00;2,92E+16;0;0;2,92E+16;3
357;1/1/2020 0:00;6,59E+15;0;0;6,59E+15;3
358;1/1/2020 0:00;1,01E+16;0;0;1,01E+16;3
359;1/1/2020 0:00;725666405;0;0;725666405;3
360;1/1/2020 0:00;4,95E+15;0;0;4,95E+15;3
361;1/1/2020 0:00;7,70E+15;0;0;7,70E+15;3
362;1/1/2020 0:00;6,35E+15;0;0;6,35E+15;3
363;1/1/2020 0:00;5,38E+15;0;0;5,38E+15;3
364;1/1/2020 0:00;9,37E+15;0;0;9,37E+15;3
365;1/1/2020 0:00;5,55E+15;0;0;5,55E+15;3
366;1/1/2020 0:00;9,97E+15;0;0;9,97E+15;3
367;1/1/2020 0:00;8,53E+15;0;0;8,53E+15;3
368;1/1/2020 0:00;3,95E+15;0;0;3,95E+15;3
369;1/1/2020 0:00;2,88E+15;0;0;2,88E+15;3
370;1/1/2020 0:00;3,21E+15;0;0;3,21E+15;3
371;1/1/2020 0:00;2,84E+16;0;0;2,84E+16;3
372;1/1/2020 0:00;3,14E+16;0;0;3,14E+16;3
373;1/1/2020 0:00;6,73E+15;0;0;6,73E+15;3
374;1/1/2020 0:00;3,33E+16;0;0;3,33E+16;3
375;1/1/2020 0:00;4,54E+15;0;0;4,54E+15;3
376;1/1/2020 0:00;7,61E+15;0;0;7,61E+15;3
377;1/1/2020 0:00;2,96E+15;0;0;2,96E+15;3
378;1/1/2020 0:00;9,30E+15;0;0;9,30E+15;3
379;1/1/2020 0:00;5,55E+15;0;0;5,55E+15;3
380;1/1/2020 0:00;3,15E+15;0;0;3,15E+15;3
381;1/1/2020 0:00;6,94E+15;0;0;6,94E+15;3
382;1/1/2020 0:00;6,02E+15;0;0;6,02E+15;3
383;1/1/2020 0:00;1,01E+16;0;0;1,01E+16;3
384;1/1/2020 0:00;704097524;0;0;704097524;3
385;1/1/2020 0:00;8,30E+15;0;0;8,30E+15;3
386;1/1/2020 0:00;5,02E+15;0;0;5,02E+15;3
387;1/1/2020 0:00;3,28E+16;0;0;3,28E+16;3
388;1/1/2020 0:00;8,46E+15;0;0;8,46E+15;3
389;1/1/2020 0:00;753528581;0;0;753528581;3
390;1/1/2020 0:00;9,16E+15;0;0;9,16E+15;3
391;1/1/2020 0:00;5,07E+15;0;0;5,07E+15;3
392;1/1/2020 0:00;5,31E+15;0;0;5,31E+15;3
393;1/1/2020 0:00;8,36E+15;0;0;8,36E+15;3
394;1/1/2020 0:00;4,76E+16;0;0;4,76E+16;3
395;1/1/2020 0:00;9,54E+15;0;0;9,54E+15;3
396;1/1/2020 0:00;8,78E+15;0;0;8,78E+15;3
397;1/1/2020 0:00;5,98E+15;0;0;5,98E+15;3
398;1/1/2020 0:00;8,20E+15;0;0;8,20E+15;3
399;1/1/2020 0:00;7,28E+15;0;0;7,28E+15;3
400;1/1/2020 0:00;2,93E+16;0;0;2,93E+16;3
401;1/1/2020 0:00;9,02E+15;0;0;9,02E+15;3
402;1/1/2020 0:00;5,29E+15;0;0;5,29E+15;3
403;1/1/2020 0:00;7,95E+15;0;0;7,95E+15;3
404;1/1/2020 0:00;4,77E+15;0;0;4,77E+15;3
405;1/1/2020 0:00;8,92E+15;0;0;8,92E+15;3
406;1/1/2020 0:00;6,28E+15;0;0;6,28E+15;3
407;1/1/2020 0:00;2,45E+16;0;0;2,45E+16;3
408;1/1/2020 0:00;1,04E+16;0;0;1,04E+16;3
409;1/1/2020 0:00;2,36E+16;0;0;2,36E+16;3
410;1/1/2020 0:00;5,39E+15;0;0;5,39E+15;3
411;1/1/2020 0:00;9,66E+15;0;0;9,66E+15;3
412;1/1/2020 0:00;1,01E+16;0;0;1,01E+16;3
413;1/1/2020 0:00;6,14E+15;0;0;6,14E+15;3
414;1/1/2020 0:00;6,48E+15;0;0;6,48E+15;3
415;1/1/2020 0:00;5,63E+15;0;0;5,63E+15;3
416;1/1/2020 0:00;4,20E+16;0;0;4,20E+16;3
417;1/1/2020 0:00;5,65E+15;0;0;5,65E+15;3
418;1/1/2020 0:00;7,62E+15;0;0;7,62E+15;3
419;1/1/2020 0:00;8,14E+15;0;0;8,14E+15;3
420;1/1/2020 0:00;805082939;0;0;805082939;3
421;1/1/2020 0:00;9,83E+15;0;0;9,83E+15;3
422;1/1/2020 0:00;308433799;0;0;308433799;4
423;1/1/2020 0:00;6,54E+15;0;0;6,54E+15;4
424;1/1/2020 0:00;2,96E+16;0;0;2,96E+16;4
425;1/1/2020 0:00;6,64E+15;0;0;6,64E+15;4
426;1/1/2020 0:00;5,57E+15;0;0;5,57E+15;4
427;1/1/2020 0:00;881246948;0;0;881246948;4
428;1/1/2020 0:00;5,62E+15;0;0;5,62E+15;4
429;1/1/2020 0:00;3,13E+16;0;0;3,13E+16;4
430;1/1/2020 0:00;4,23E+16;0;0;4,23E+16;4
431;1/1/2020 0:00;9,16E+15;0;0;9,16E+15;4
432;1/1/2020 0:00;6,66E+15;0;0;6,66E+15;4
433;1/1/2020 0:00;3,73E+16;0;0;3,73E+16;4
434;1/1/2020 0:00;3,22E+15;0;0;3,22E+15;4
435;1/1/2020 0:00;8,59E+15;0;0;8,59E+15;5
436;1/1/2020 0:00;2,99E+16;0;0;2,99E+16;5
437;1/1/2020 0:00;8,46E+15;0;0;8,46E+15;5
438;1/1/2020 0:00;6,68E+15;0;0;6,68E+15;5
439;1/1/2020 0:00;2,92E+16;0;0;2,92E+16;5
440;1/1/2020 0:00;2,78E+15;0;0;2,78E+15;5
441;1/1/2020 0:00;1,12E+16;0;0;1,12E+16;5
442;1/1/2020 0:00;4,92E+16;0;0;4,92E+16;5
443;1/1/2020 0:00;6,02E+15;0;0;6,02E+15;5
444;1/1/2020 0:00;8,08E+15;0;0;8,08E+15;5
445;1/1/2020 0:00;8,71E+15;0;0;8,71E+15;5
446;1/1/2020 0:00;1,11E+16;0;0;1,11E+16;5
447;1/1/2020 0:00;7,19E+15;0;0;7,19E+15;5
448;1/1/2020 0:00;6,31E+15;0;0;6,31E+15;5
449;1/1/2020 0:00;2,76E+16;0;0;2,76E+16;5
450;1/1/2020 0:00;7,86E+15;0;0;7,86E+15;5
451;1/1/2020 0:00;6,64E+15;0;0;6,64E+15;5
452;1/1/2020 0:00;4,02E+15;0;0;4,02E+15;5
453;1/1/2020 0:00;96925428;0;0;96925428;5
454;1/1/2020 0:00;3,01E+16;0;0;3,01E+16;5
455;1/1/2020 0:00;6,54E+15;0;0;6,54E+15;5
456;1/1/2020 0:00;229089956;0;0;229089956;5
457;1/1/2020 0:00;5,30E+15;0;0;5,30E+15;5
458;1/1/2020 0:00;3,35E+16;0;0;3,35E+16;5
459;1/1/2020 0:00;3,26E+16;0;0;3,26E+16;5
460;1/1/2020 0:00;3,78E+15;0;0;3,78E+15;5
461;1/1/2020 0:00;794908305;0;0;794908305;5
462;1/1/2020 0:00;8,16E+15;0;0;8,16E+15;5
463;1/1/2020 0:00;7,98E+15;0;0;7,98E+15;5
464;1/1/2020 0:00;9,97E+15;0;0;9,97E+15;5
465;1/1/2020 0:00;5,88E+15;0;0;5,88E+15;5
466;1/1/2020 0:00;4,72E+16;0;0;4,72E+16;5
467;1/1/2020 0:00;8,71E+15;0;0;8,71E+15;5
468;1/1/2020 0:00;4,07E+15;0;0;4,07E+15;5
469;1/1/2020 0:00;1,01E+16;0;0;1,01E+16;5
470;1/1/2020 0:00;2,71E+15;0;0;2,71E+15;5
471;1/1/2020 0:00;8,36E+15;0;0;8,36E+15;5
472;1/1/2020 0:00;2,80E+16;0;0;2,80E+16;5
473;1/1/2020 0:00;9,90E+15;0;0;9,90E+15;5
474;1/1/2020 0:00;6,47E+15;0;0;6,47E+15;5
475;1/1/2020 0:00;9,57E+15;0;0;9,57E+15;5
476;1/1/2020 0:00;32234673;0;0;32234673;5
477;1/1/2020 0:00;6,73E+15;0;0;6,73E+15;5
478;1/1/2020 0:00;1,10E+16;0;0;1,10E+16;5
479;1/1/2020 0:00;6,94E+15;0;0;6,94E+15;5
480;1/1/2020 0:00;7,03E+15;0;0;7,03E+15;5
481;1/1/2020 0:00;8,11E+15;0;0;8,11E+15;5
482;1/1/2020 0:00;5,61E+15;0;0;5,61E+15;5
483;1/1/2020 0:00;6,70E+15;0;0;6,70E+15;5
484;1/1/2020 0:00;711797327;0;0;711797327;5
485;1/1/2020 0:00;1,02E+16;0;0;1,02E+16;5
486;1/1/2020 0:00;2,79E+15;0;0;2,79E+15;5
487;1/1/2020 0:00;3,80E+15;0;0;3,80E+15;5
488;1/1/2020 0:00;1,03E+16;0;0;1,03E+16;5
489;1/1/2020 0:00;9,04E+15;0;0;9,04E+15;5
490;1/1/2020 0:00;6,53E+15;0;0;6,53E+15;5
491;1/1/2020 0:00;7,88E+15;0;0;7,88E+15;5
492;1/1/2020 0:00;4,31E+16;0;0;4,31E+16;5
493;1/1/2020 0:00;516002558;0;0;516002558;5
494;1/1/2020 0:00;6,13E+15;0;0;6,13E+15;5
495;1/1/2020 0:00;4,83E+15;0;0;4,83E+15;5
496;1/1/2020 0:00;6,99E+15;0;0;6,99E+15;5
497;1/1/2020 0:00;3,25E+15;0;0;3,25E+15;5
498;1/1/2020 0:00;1,05E+16;0;0;1,05E+16;5
499;1/1/2020 0:00;1,03E+16;0;0;1,03E+16;5
500;1/1/2020 0:00;9,04E+15;0;0;9,04E+15;5
501;1/1/2020 0:00;734161814;0;0;734161814;5
502;1/1/2020 0:00;5,34E+15;0;0;5,34E+15;5
503;1/1/2020 0:00;7,69E+15;0;0;7,69E+15;5
504;1/1/2020 0:00;7,47E+15;0;0;7,47E+15;5
505;1/1/2020 0:00;3,95E+15;0;0;3,95E+15;5
506;1/1/2020 0:00;1,02E+16;0;0;1,02E+16;5
507;1/1/2020 0:00;1,01E+15;0;0;1,01E+15;5
508;1/1/2020 0:00;1,09E+16;0;0;1,09E+16;5
509;1/1/2020 0:00;6,86E+15;0;0;6,86E+15;5
510;1/1/2020 0:00;6,95E+15;0;0;6,95E+15;5
511;1/1/2020 0:00;5,49E+15;0;0;5,49E+15;5
512;1/1/2020 0:00;9,34E+15;0;0;9,34E+15;5
513;1/1/2020 0:00;7,43E+15;0;0;7,43E+15;5
514;1/1/2020 0:00;2,85E+15;0;0;2,85E+15;5
515;1/1/2020 0:00;2,76E+15;0;0;2,76E+15;5
516;1/1/2020 0:00;5,07E+15;0;0;5,07E+15;5
517;1/1/2020 0:00;1,02E+16;0;0;1,02E+16;5
518;1/1/2020 0:00;1,11E+16;0;0;1,11E+16;5
519;1/1/2020 0:00;3,80E+15;0;0;3,80E+15;5
520;1/1/2020 0:00;6,95E+15;0;0;6,95E+15;5
521;1/1/2020 0:00;549523217;0;0;549523217;5
522;1/1/2020 0:00;9,09E+15;0;0;9,09E+15;5
523;1/1/2020 0:00;9,40E+15;0;0;9,40E+15;5
524;1/1/2020 0:00;863089741;0;0;863089741;5
525;1/1/2020 0:00;6,22E+15;0;0;6,22E+15;5
526;1/1/2020 0:00;5,79E+15;0;0;5,79E+15;5
527;1/1/2020 0:00;5,04E+15;0;0;5,04E+15;5
528;1/1/2020 0:00;3,41E+16;0;0;3,41E+16;5
529;1/1/2020 0:00;8,91E+15;0;0;8,91E+15;5
530;1/1/2020 0:00;912845678;0;0;912845678;5
531;1/1/2020 0:00;1,05E+16;0;0;1,05E+16;5
532;1/1/2020 0:00;1,01E+16;0;0;1,01E+16;5
533;1/1/2020 0:00;6,24E+15;0;0;6,24E+15;5
534;1/1/2020 0:00;7,66E+15;0;0;7,66E+15;5
535;1/1/2020 0:00;9,29E+15;0;0;9,29E+15;5
536;1/1/2020 0:00;8,37E+15;0;0;8,37E+15;5
537;1/1/2020 0:00;4,47E+15;0;0;4,47E+15;5
538;1/1/2020 0:00;6,05E+15;0;0;6,05E+15;5
539;1/1/2020 0:00;3,07E+16;0;0;3,07E+16;5
540;1/1/2020 0:00;9,17E+15;0;0;9,17E+15;5
541;1/1/2020 0:00;6,65E+15;0;0;6,65E+15;5
542;1/1/2020 0:00;4,02E+15;0;0;4,02E+15;5
543;1/1/2020 0:00;8,40E+15;0;0;8,40E+15;5
544;1/1/2020 0:00;8,99E+15;0;0;8,99E+15;5
545;1/1/2020 0:00;6,42E+15;0;0;6,42E+15;5
546;1/1/2020 0:00;3,25E+16;0;0;3,25E+16;5
547;1/1/2020 0:00;6,64E+15;0;0;6,64E+15;5
548;1/1/2020 0:00;6,25E+15;0;0;6,25E+15;5
549;1/1/2020 0:00;8,23E+15;0;0;8,23E+15;5
550;1/1/2020 0:00;6,56E+15;0;0;6,56E+15;5
551;1/1/2020 0:00;1,01E+15;0;0;1,01E+15;5
552;1/1/2020 0:00;7,28E+15;0;0;7,28E+15;5
553;1/1/2020 0:00;5,31E+15;0;0;5,31E+15;5
554;1/1/2020 0:00;1,17E+15;0;0;1,17E+15;5
555;1/1/2020 0:00;6,04E+15;0;0;6,04E+15;5
556;1/1/2020 0:00;3,60E+16;0;0;3,60E+16;5
557;1/1/2020 0:00;2,95E+16;0;0;2,95E+16;5
558;1/1/2020 0:00;8,09E+15;0;0;8,09E+15;5
559;1/1/2020 0:00;6,79E+15;0;0;6,79E+15;5
560;1/1/2020 0:00;8,09E+15;0;0;8,09E+15;5
561;1/1/2020 0:00;4,31E+16;0;0;4,31E+16;5
562;1/1/2020 0:00;3,53E+16;0;0;3,53E+16;6
563;1/1/2020 0:00;2,52E+16;0;0;2,52E+16;6
564;1/1/2020 0:00;5,14E+15;0;0;5,14E+15;6
565;1/1/2020 0:00;7,09E+15;0;0;7,09E+15;6
566;1/1/2020 0:00;5,51E+15;0;0;5,51E+15;6
567;1/1/2020 0:00;5,75E+15;0;0;5,75E+15;6
568;1/1/2020 0:00;1,24E+16;0;0;1,24E+16;6
569;1/1/2020 0:00;4,83E+16;0;0;4,83E+16;6
570;1/1/2020 0:00;547693283;0;0;547693283;6
571;1/1/2020 0:00;7,88E+15;0;0;7,88E+15;6
572;1/1/2020 0:00;5,97E+15;0;0;5,97E+15;6
573;1/1/2020 0:00;6,69E+15;0;0;6,69E+15;6
574;1/1/2020 0:00;8,62E+15;0;0;8,62E+15;6
575;1/1/2020 0:00;9,68E+15;0;0;9,68E+15;6
576;1/1/2020 0:00;3,65E+15;0;0;3,65E+15;6
577;1/1/2020 0:00;1,03E+15;0;0;1,03E+15;6
578;1/1/2020 0:00;4,99E+16;0;0;4,99E+16;6
579;1/1/2020 0:00;4,23E+15;0;0;4,23E+15;6
580;1/1/2020 0:00;4,82E+16;0;0;4,82E+16;6
581;1/1/2020 0:00;1,13E+16;0;0;1,13E+16;6
582;1/1/2020 0:00;5,56E+15;0;0;5,56E+15;6
583;1/1/2020 0:00;4,63E+16;0;0;4,63E+16;6
584;1/1/2020 0:00;7,92E+15;0;0;7,92E+15;6
585;1/1/2020 0:00;3,99E+16;0;0;3,99E+16;6
586;1/1/2020 0:00;2,60E+15;0;0;2,60E+15;6
587;1/1/2020 0:00;3,70E+15;0;0;3,70E+15;6
588;1/1/2020 0:00;3,43E+15;0;0;3,43E+15;6
589;1/1/2020 0:00;3,91E+15;0;0;3,91E+15;6
590;1/1/2020 0:00;3,92E+16;0;0;3,92E+16;6
591;1/1/2020 0:00;7,14E+15;0;0;7,14E+15;6
592;1/1/2020 0:00;3,76E+15;0;0;3,76E+15;6
593;1/1/2020 0:00;4,83E+15;0;0;4,83E+15;6
594;1/1/2020 0:00;8,19E+15;0;0;8,19E+15;6
595;1/1/2020 0:00;5,67E+15;0;0;5,67E+15;6
596;1/1/2020 0:00;7,12E+15;0;0;7,12E+15;6
597;1/1/2020 0:00;3,26E+16;0;0;3,26E+16;6
598;1/1/2020 0:00;3,69E+15;0;0;3,69E+15;6
599;1/1/2020 0:00;3,81E+16;0;0;3,81E+16;6
600;1/1/2020 0:00;3,41E+15;0;0;3,41E+15;6
601;1/1/2020 0:00;4,17E+16;0;0;4,17E+16;6
602;1/1/2020 0:00;3,97E+16;0;0;3,97E+16;6
603;1/1/2020 0:00;3,06E+16;0;0;3,06E+16;6
604;1/1/2020 0:00;3,08E+15;0;0;3,08E+15;6
605;1/1/2020 0:00;5,24E+15;0;0;5,24E+15;6
606;1/1/2020 0:00;3,97E+15;0;0;3,97E+15;6
607;1/1/2020 0:00;5,37E+15;0;0;5,37E+15;6
608;1/1/2020 0:00;7,23E+15;0;0;7,23E+15;6
609;1/1/2020 0:00;9,01E+15;0;0;9,01E+15;6
610;1/1/2020 0:00;2,61E+15;0;0;2,61E+15;6
611;1/1/2020 0:00;8,30E+15;0;0;8,30E+15;6
612;1/1/2020 0:00;6,53E+15;0;0;6,53E+15;6
613;1/1/2020 0:00;3,10E+15;0;0;3,10E+15;6
614;1/1/2020 0:00;6,33E+15;0;0;6,33E+15;6
615;1/1/2020 0:00;9,50E+15;0;0;9,50E+15;6
616;1/1/2020 0:00;2,92E+15;0;0;2,92E+15;6
617;1/1/2020 0:00;3,82E+15;0;0;3,82E+15;6
618;1/1/2020 0:00;7,80E+15;0;0;7,80E+15;6
619;1/1/2020 0:00;7,77E+15;0;0;7,77E+15;6
620;1/1/2020 0:00;3,69E+16;0;0;3,69E+16;6
621;1/1/2020 0:00;4,51E+15;0;0;4,51E+15;6
622;1/1/2020 0:00;4,96E+16;0;0;4,96E+16;6
623;1/1/2020 0:00;5,08E+15;0;0;5,08E+15;6
624;1/1/2020 0:00;8,14E+15;0;0;8,14E+15;6
625;1/1/2020 0:00;4,90E+16;0;0;4,90E+16;6
626;1/1/2020 0:00;6,67E+15;0;0;6,67E+15;6
627;1/1/2020 0:00;8,21E+15;0;0;8,21E+15;6
628;1/1/2020 0:00;2,94E+15;0;0;2,94E+15;6
629;1/1/2020 0:00;342393356;0;0;342393356;6
630;1/1/2020 0:00;7,79E+15;0;0;7,79E+15;6
631;1/1/2020 0:00;9,22E+15;0;0;9,22E+15;6
632;1/1/2020 0:00;668687532;0;0;668687532;6
633;1/1/2020 0:00;5,71E+15;0;0;5,71E+15;6
634;1/1/2020 0:00;3,20E+16;0;0;3,20E+16;6
635;1/1/2020 0:00;611950344;0;0;611950344;6
636;1/1/2020 0:00;6,56E+15;0;0;6,56E+15;6
637;1/1/2020 0:00;4,88E+16;0;0;4,88E+16;6
638;1/1/2020 0:00;5,54E+15;0;0;5,54E+15;6
639;1/1/2020 0:00;5,31E+15;0;0;5,31E+15;6
640;1/1/2020 0:00;2,96E+15;0;0;2,96E+15;6
641;1/1/2020 0:00;4,55E+16;0;0;4,55E+16;6
642;1/1/2020 0:00;4,35E+16;0;0;4,35E+16;6
643;1/1/2020 0:00;4,12E+15;0;0;4,12E+15;6
644;1/1/2020 0:00;3,38E+16;0;0;3,38E+16;6
645;1/1/2020 0:00;9,07E+15;0;0;9,07E+15;6
646;1/1/2020 0:00;8,36E+15;0;0;8,36E+15;6
647;1/1/2020 0:00;7,40E+15;0;0;7,40E+15;6
648;1/1/2020 0:00;7,47E+15;0;0;7,47E+15;6
649;1/1/2020 0:00;6,56E+15;0;0;6,56E+15;6
650;1/1/2020 0:00;3,05E+15;0;0;3,05E+15;6
651;1/1/2020 0:00;6,18E+15;0;0;6,18E+15;6
652;1/1/2020 0:00;5,85E+15;0;0;5,85E+15;6
653;1/1/2020 0:00;7,27E+15;0;0;7,27E+15;6
654;1/1/2020 0:00;6,00E+15;0;0;6,00E+15;6
655;1/1/2020 0:00;3,36E+15;0;0;3,36E+15;6
656;1/1/2020 0:00;5,05E+15;0;0;5,05E+15;6
657;1/1/2020 0:00;5,74E+15;0;0;5,74E+15;6
658;1/1/2020 0:00;7,38E+15;0;0;7,38E+15;6
659;1/1/2020 0:00;5,69E+15;0;0;5,69E+15;6
660;1/1/2020 0:00;4,76E+16;0;0;4,76E+16;6
661;1/1/2020 0:00;1,05E+16;0;0;1,05E+16;6
662;1/1/2020 0:00;6,18E+15;0;0;6,18E+15;6
663;1/1/2020 0:00;3,96E+15;0;0;3,96E+15;6
664;1/1/2020 0:00;3,76E+16;0;0;3,76E+16;6
665;1/1/2020 0:00;3,69E+15;0;0;3,69E+15;6
666;1/1/2020 0:00;4,88E+16;0;0;4,88E+16;6
667;1/1/2020 0:00;3,18E+16;0;0;3,18E+16;6
668;1/1/2020 0:00;450226697;0;0;450226697;6
669;1/1/2020 0:00;4,51E+16;0;0;4,51E+16;6
670;1/1/2020 0:00;3,72E+16;0;0;3,72E+16;6
671;1/1/2020 0:00;8,28E+15;0;0;8,28E+15;6
672;1/1/2020 0:00;2,93E+15;0;0;2,93E+15;6
673;1/1/2020 0:00;6,30E+15;0;0;6,30E+15;6
674;1/1/2020 0:00;6,27E+15;0;0;6,27E+15;6
675;1/1/2020 0:00;9,53E+15;0;0;9,53E+15;6
676;1/1/2020 0:00;2,45E+16;0;0;2,45E+16;6
677;1/1/2020 0:00;5,71E+15;0;0;5,71E+15;6
678;1/1/2020 0:00;1,00E+15;0;0;1,00E+15;6
679;1/1/2020 0:00;1,04E+16;0;0;1,04E+16;6
680;1/1/2020 0:00;885626398;0;0;885626398;6
681;1/1/2020 0:00;4,15E+15;0;0;4,15E+15;6
682;1/1/2020 0:00;3,14E+15;0;0;3,14E+15;6
683;1/1/2020 0:00;6,99E+15;0;0;6,99E+15;6
684;1/1/2020 0:00;8,55E+15;0;0;8,55E+15;6
685;1/1/2020 0:00;6,76E+15;0;0;6,76E+15;6
686;1/1/2020 0:00;6,41E+15;0;0;6,41E+15;6
687;1/1/2020 0:00;4,82E+15;0;0;4,82E+15;6
688;1/1/2020 0:00;7,40E+15;0;0;7,40E+15;6
689;1/1/2020 0:00;4,34E+16;0;0;4,34E+16;6
690;1/1/2020 0:00;4,97E+15;0;0;4,97E+15;6
691;1/1/2020 0:00;5,04E+15;0;0;5,04E+15;6
692;1/1/2020 0:00;6,66E+15;0;0;6,66E+15;6
693;1/1/2020 0:00;4,24E+15;0;0;4,24E+15;6
694;1/1/2020 0:00;3,29E+15;0;0;3,29E+15;6
695;1/1/2020 0:00;7,80E+15;0;0;7,80E+15;6
696;1/1/2020 0:00;4,70E+15;0;0;4,70E+15;6
697;1/1/2020 0:00;7,06E+15;0;0;7,06E+15;6
698;1/1/2020 0:00;313989917;0;0;313989917;6
699;1/1/2020 0:00;5,90E+15;0;0;5,90E+15;6
700;1/1/2020 0:00;6,70E+15;0;0;6,70E+15;7
701;1/1/2020 0:00;3,10E+16;0;0;3,10E+16;7
702;1/1/2020 0:00;5,45E+15;0;0;5,45E+15;7
703;1/1/2020 0:00;3,91E+15;0;0;3,91E+15;7
704;1/1/2020 0:00;3,24E+16;0;0;3,24E+16;7
705;1/1/2020 0:00;1,05E+16;0;0;1,05E+16;7
706;1/1/2020 0:00;4,16E+16;0;0;4,16E+16;7
707;1/1/2020 0:00;5,97E+15;0;0;5,97E+15;7
708;1/1/2020 0:00;4,08E+16;0;0;4,08E+16;7
709;1/1/2020 0:00;7,43E+15;0;0;7,43E+15;7
710;1/1/2020 0:00;8,38E+15;0;0;8,38E+15;7
711;1/1/2020 0:00;7,84E+15;0;0;7,84E+15;7
712;1/1/2020 0:00;5,92E+15;0;0;5,92E+15;7
713;1/1/2020 0:00;5,80E+15;0;0;5,80E+15;7
714;1/1/2020 0:00;5,46E+15;0;0;5,46E+15;7
715;1/1/2020 0:00;1,01E+16;0;0;1,01E+16;7
716;1/1/2020 0:00;8,70E+15;0;0;8,70E+15;7
717;1/1/2020 0:00;1,05E+16;0;0;1,05E+16;7
718;1/1/2020 0:00;3,51E+15;0;0;3,51E+15;7
719;1/1/2020 0:00;7,41E+15;0;0;7,41E+15;7
720;1/1/2020 0:00;9,52E+15;0;0;9,52E+15;7
721;1/1/2020 0:00;3,74E+15;0;0;3,74E+15;7
722;1/1/2020 0:00;2,98E+15;0;0;2,98E+15;7
723;1/1/2020 0:00;8,84E+15;0;0;8,84E+15;7
724;1/1/2020 0:00;756622462;0;0;756622462;7
725;1/1/2020 0:00;1,04E+16;0;0;1,04E+16;7
726;1/1/2020 0:00;3,41E+16;0;0;3,41E+16;7
727;1/1/2020 0:00;764572128;0;0;764572128;7
728;1/1/2020 0:00;350658726;0;0;350658726;7
729;1/1/2020 0:00;3,72E+15;0;0;3,72E+15;7
730;1/1/2020 0:00;3,80E+15;0;0;3,80E+15;7
731;1/1/2020 0:00;9,08E+15;0;0;9,08E+15;7
732;1/1/2020 0:00;7,32E+15;0;0;7,32E+15;7
733;1/1/2020 0:00;5,78E+15;0;0;5,78E+15;7
734;1/1/2020 0:00;50354458;0;0;50354458;7
735;1/1/2020 0:00;8,95E+15;0;0;8,95E+15;7
736;1/1/2020 0:00;5,31E+15;0;0;5,31E+15;7
737;1/1/2020 0:00;8,44E+15;0;0;8,44E+15;7
738;1/1/2020 0:00;5,80E+15;0;0;5,80E+15;7
739;1/1/2020 0:00;5,00E+16;0;0;5,00E+16;7
740;1/1/2020 0:00;5,61E+15;0;0;5,61E+15;7
741;1/1/2020 0:00;5,48E+15;0;0;5,48E+15;7
742;1/1/2020 0:00;68105339;0;0;68105339;7
743;1/1/2020 0:00;6,01E+15;0;0;6,01E+15;7
744;1/1/2020 0:00;4,15E+16;0;0;4,15E+16;7
745;1/1/2020 0:00;8,90E+15;0;0;8,90E+15;7
746;1/1/2020 0:00;466223981;0;0;466223981;7
747;1/1/2020 0:00;6,36E+15;0;0;6,36E+15;7
748;1/1/2020 0:00;1,08E+16;0;0;1,08E+16;7
749;1/1/2020 0:00;7,64E+15;0;0;7,64E+15;7
750;1/1/2020 0:00;3,83E+15;0;0;3,83E+15;7
751;1/1/2020 0:00;9,41E+15;0;0;9,41E+15;7
752;1/1/2020 0:00;6,59E+15;0;0;6,59E+15;7
753;1/1/2020 0:00;4,44E+15;0;0;4,44E+15;7
754;1/1/2020 0:00;3,27E+15;0;0;3,27E+15;7
755;1/1/2020 0:00;8,88E+15;0;0;8,88E+15;7
756;1/1/2020 0:00;5,68E+15;0;0;5,68E+15;7
757;1/1/2020 0:00;6,73E+15;0;0;6,73E+15;7
758;1/1/2020 0:00;9,14E+15;0;0;9,14E+15;7
759;1/1/2020 0:00;9,87E+15;0;0;9,87E+15;7
760;1/1/2020 0:00;4,20E+15;0;0;4,20E+15;7
761;1/1/2020 0:00;4,92E+15;0;0;4,92E+15;7
762;1/1/2020 0:00;4,67E+16;0;0;4,67E+16;7
763;1/1/2020 0:00;725007704;0;0;725007704;7
764;1/1/2020 0:00;2,24E+16;0;0;2,24E+16;7
765;1/1/2020 0:00;6,98E+15;0;0;6,98E+15;7
766;1/1/2020 0:00;865695706;0;0;865695706;7
767;1/1/2020 0:00;8,66E+15;0;0;8,66E+15;7
768;1/1/2020 0:00;6,04E+15;0;0;6,04E+15;7
769;1/1/2020 0:00;8,11E+15;0;0;8,11E+15;7
770;1/1/2020 0:00;2,94E+16;0;0;2,94E+16;7
771;1/1/2020 0:00;995864395;0;0;995864395;7
772;1/1/2020 0:00;3,66E+16;0;0;3,66E+16;7
773;1/1/2020 0:00;5,71E+15;0;0;5,71E+15;7
774;1/1/2020 0:00;809557132;0;0;809557132;7
775;1/1/2020 0:00;3,55E+16;0;0;3,55E+16;7
776;1/1/2020 0:00;4,61E+16;0;0;4,61E+16;7
777;1/1/2020 0:00;8,59E+15;0;0;8,59E+15;7
778;1/1/2020 0:00;8,13E+15;0;0;8,13E+15;8
779;1/1/2020 0:00;9,36E+15;0;0;9,36E+15;8
780;1/1/2020 0:00;7,95E+15;0;0;7,95E+15;8
781;1/1/2020 0:00;5,25E+15;0;0;5,25E+15;8
782;1/1/2020 0:00;355589957;0;0;355589957;8
783;1/1/2020 0:00;5,32E+15;0;0;5,32E+15;8
784;1/1/2020 0:00;3,33E+15;0;0;3,33E+15;8
785;1/1/2020 0:00;9,75E+15;0;0;9,75E+15;8
786;1/1/2020 0:00;6,70E+15;0;0;6,70E+15;8
787;1/1/2020 0:00;577647776;0;0;577647776;8
788;1/1/2020 0:00;6,43E+15;0;0;6,43E+15;8
789;1/1/2020 0:00;9,55E+15;0;0;9,55E+15;8
790;1/1/2020 0:00;3,83E+15;0;0;3,83E+15;8
791;1/1/2020 0:00;6,80E+15;0;0;6,80E+15;8
792;1/1/2020 0:00;6,11E+15;0;0;6,11E+15;8
793;1/1/2020 0:00;7,93E+15;0;0;7,93E+15;8
794;1/1/2020 0:00;2,35E+15;0;0;2,35E+15;8
795;1/1/2020 0:00;9,26E+15;0;0;9,26E+15;8
796;1/1/2020 0:00;1,01E+16;0;0;1,01E+16;8
797;1/1/2020 0:00;7,01E+15;0;0;7,01E+15;8
798;1/1/2020 0:00;9,14E+15;0;0;9,14E+15;8
799;1/1/2020 0:00;1,02E+16;0;0;1,02E+16;8
800;1/1/2020 0:00;8,14E+15;0;0;8,14E+15;8
801;1/1/2020 0:00;3,85E+15;0;0;3,85E+15;8
802;1/1/2020 0:00;7,63E+15;0;0;7,63E+15;8
803;1/1/2020 0:00;730002503;0;0;730002503;8
804;1/1/2020 0:00;4,75E+15;0;0;4,75E+15;8
805;1/1/2020 0:00;7,14E+15;0;0;7,14E+15;8
806;1/1/2020 0:00;1,01E+16;0;0;1,01E+16;8
807;1/1/2020 0:00;1,05E+16;0;0;1,05E+16;8
808;1/1/2020 0:00;6,25E+15;0;0;6,25E+15;8
809;1/1/2020 0:00;3,28E+15;0;0;3,28E+15;8
810;1/1/2020 0:00;9,14E+15;0;0;9,14E+15;8
811;1/1/2020 0:00;9,15E+15;0;0;9,15E+15;8
812;1/1/2020 0:00;3,55E+16;0;0;3,55E+16;8
813;1/1/2020 0:00;8,29E+15;0;0;8,29E+15;8
814;1/1/2020 0:00;8,03E+15;0;0;8,03E+15;8
815;1/1/2020 0:00;5,73E+15;0;0;5,73E+15;8
816;1/1/2020 0:00;606581452;0;0;606581452;8
817;1/1/2020 0:00;6,29E+15;0;0;6,29E+15;8
818;1/1/2020 0:00;2,51E+15;0;0;2,51E+15;8
819;1/1/2020 0:00;6,06E+15;0;0;6,06E+15;8
820;1/1/2020 0:00;8,45E+15;0;0;8,45E+15;8
821;1/1/2020 0:00;2,28E+16;0;0;2,28E+16;8
822;1/1/2020 0:00;4,35E+15;0;0;4,35E+15;8
823;1/1/2020 0:00;5,05E+15;0;0;5,05E+15;8
824;1/1/2020 0:00;6,66E+15;0;0;6,66E+15;8
825;1/1/2020 0:00;1,01E+16;0;0;1,01E+16;8
826;1/1/2020 0:00;5,88E+15;0;0;5,88E+15;8
827;1/1/2020 0:00;4,79E+16;0;0;4,79E+16;8
828;1/1/2020 0:00;6,40E+15;0;0;6,40E+15;8
829;1/1/2020 0:00;7,41E+15;0;0;7,41E+15;8
830;1/1/2020 0:00;5,15E+15;0;0;5,15E+15;8
831;1/1/2020 0:00;5,65E+15;0;0;5,65E+15;8
832;1/1/2020 0:00;3,78E+16;0;0;3,78E+16;8
833;1/1/2020 0:00;4,04E+16;0;0;4,04E+16;8
834;1/1/2020 0:00;6,39E+15;0;0;6,39E+15;8
835;1/1/2020 0:00;5,98E+15;0;0;5,98E+15;8
836;1/1/2020 0:00;1,05E+15;0;0;1,05E+15;8
837;1/1/2020 0:00;5,45E+15;0;0;5,45E+15;8
838;1/1/2020 0:00;73747759;0;0;73747759;8
839;1/1/2020 0:00;8,74E+15;0;0;8,74E+15;8
840;1/1/2020 0:00;303173799;0;0;303173799;8
841;1/1/2020 0:00;8,19E+15;0;0;8,19E+15;8
842;1/1/2020 0:00;3,79E+15;0;0;3,79E+15;9
843;1/1/2020 0:00;1,09E+15;0;0;1,09E+15;9
844;1/1/2020 0:00;3,78E+16;0;0;3,78E+16;9
845;1/1/2020 0:00;5,08E+15;0;0;5,08E+15;9
846;1/1/2020 0:00;2,37E+15;0;0;2,37E+15;9
847;1/1/2020 0:00;1,00E+16;0;0;1,00E+16;9
848;1/1/2020 0:00;5,44E+15;0;0;5,44E+15;9
849;1/1/2020 0:00;666361582;0;0;666361582;9
850;1/1/2020 0:00;3,14E+16;0;0;3,14E+16;9
851;1/1/2020 0:00;6,91E+15;0;0;6,91E+15;9
852;1/1/2020 0:00;3,29E+16;0;0;3,29E+16;9
853;1/1/2020 0:00;9,47E+15;0;0;9,47E+15;9
854;1/1/2020 0:00;4,68E+16;0;0;4,68E+16;9
855;1/1/2020 0:00;3,54E+16;0;0;3,54E+16;9
856;1/1/2020 0:00;3,10E+15;0;0;3,10E+15;9
857;1/1/2020 0:00;5,86E+15;0;0;5,86E+15;9
858;1/1/2020 0:00;5,97E+15;0;0;5,97E+15;9
859;1/1/2020 0:00;2,71E+15;0;0;2,71E+15;9
860;1/1/2020 0:00;8,05E+15;0;0;8,05E+15;9
861;1/1/2020 0:00;6,65E+15;0;0;6,65E+15;9
862;1/1/2020 0:00;7,40E+15;0;0;7,40E+15;9
863;1/1/2020 0:00;4,86E+16;0;0;4,86E+16;9
864;1/1/2020 0:00;5,95E+15;0;0;5,95E+15;9
865;1/1/2020 0:00;716181886;0;0;716181886;9
866;1/1/2020 0:00;3,18E+16;0;0;3,18E+16;9
867;1/1/2020 0:00;398057578;0;0;398057578;9
868;1/1/2020 0:00;8,76E+15;0;0;8,76E+15;9
869;1/1/2020 0:00;8,18E+15;0;0;8,18E+15;9
870;1/1/2020 0:00;5,29E+15;0;0;5,29E+15;9
871;1/1/2020 0:00;4,93E+15;0;0;4,93E+15;9
872;1/1/2020 0:00;5,95E+15;0;0;5,95E+15;9
873;1/1/2020 0:00;5,13E+15;0;0;5,13E+15;9
874;1/1/2020 0:00;293927576;0;0;293927576;9
875;1/1/2020 0:00;3,46E+15;0;0;3,46E+15;9
876;1/1/2020 0:00;744193361;0;0;744193361;9
877;1/1/2020 0:00;7,28E+15;0;0;7,28E+15;9
878;1/1/2020 0:00;2,30E+16;0;0;2,30E+16;9
879;1/1/2020 0:00;4,45E+15;0;0;4,45E+15;9
880;1/1/2020 0:00;4,51E+15;0;0;4,51E+15;9
881;1/1/2020 0:00;7,77E+15;0;0;7,77E+15;9
882;1/1/2020 0:00;2,54E+15;0;0;2,54E+15;9
883;1/1/2020 0:00;3,30E+16;0;0;3,30E+16;9
884;1/1/2020 0:00;8,08E+15;0;0;8,08E+15;9
885;1/1/2020 0:00;4,35E+15;0;0;4,35E+15;9
886;1/1/2020 0:00;7,39E+15;0;0;7,39E+15;9
887;1/1/2020 0:00;5,10E+15;0;0;5,10E+15;9
888;1/1/2020 0:00;3,34E+15;0;0;3,34E+15;9
889;1/1/2020 0:00;5,19E+15;0;0;5,19E+15;9
890;1/1/2020 0:00;8,00E+15;0;0;8,00E+15;9
891;1/1/2020 0:00;7,96E+15;0;0;7,96E+15;9
892;1/1/2020 0:00;9,57E+15;0;0;9,57E+15;9
893;1/1/2020 0:00;509302552;0;0;509302552;9
894;1/1/2020 0:00;7,65E+15;0;0;7,65E+15;9
895;1/1/2020 0:00;3,49E+16;0;0;3,49E+16;9
896;1/1/2020 0:00;4,43E+15;0;0;4,43E+15;9
897;1/1/2020 0:00;8,91E+15;0;0;8,91E+15;9
898;1/1/2020 0:00;2,44E+16;0;0;2,44E+16;9
899;1/1/2020 0:00;3,21E+16;0;0;3,21E+16;9
900;1/1/2020 0:00;516803487;0;0;516803487;9
901;1/1/2020 0:00;2,96E+15;0;0;2,96E+15;9
902;1/1/2020 0:00;3,12E+16;0;0;3,12E+16;9
903;1/1/2020 0:00;7,08E+15;0;0;7,08E+15;9
904;1/1/2020 0:00;4,38E+15;0;0;4,38E+15;9
905;1/1/2020 0:00;1,13E+16;0;0;1,13E+16;9
906;1/1/2020 0:00;1,08E+16;0;0;1,08E+16;9
907;1/1/2020 0:00;4,80E+16;0;0;4,80E+16;9
908;1/1/2020 0:00;4,20E+16;0;0;4,20E+16;9
909;1/1/2020 0:00;5,20E+15;0;0;5,20E+15;9
910;1/1/2020 0:00;5,93E+15;0;0;5,93E+15;9
911;1/1/2020 0:00;4,11E+15;0;0;4,11E+15;9
912;1/1/2020 0:00;6,04E+15;0;0;6,04E+15;9
913;1/1/2020 0:00;5,76E+15;0;0;5,76E+15;9
914;1/1/2020 0:00;736306123;0;0;736306123;9
915;1/1/2020 0:00;6,65E+15;0;0;6,65E+15;9
916;1/1/2020 0:00;5,08E+15;0;0;5,08E+15;9
917;1/1/2020 0:00;9,50E+15;0;0;9,50E+15;9
918;1/1/2020 0:00;6,88E+15;0;0;6,88E+15;9
919;1/1/2020 0:00;3,50E+16;0;0;3,50E+16;9
920;1/1/2020 0:00;9,10E+15;0;0;9,10E+15;9
921;1/1/2020 0:00;586371949;0;0;586371949;9
922;1/1/2020 0:00;9,01E+15;0;0;9,01E+15;9
923;1/1/2020 0:00;8,65E+15;0;0;8,65E+15;9
924;1/1/2020 0:00;5,24E+15;0;0;5,24E+15;9
925;1/1/2020 0:00;2,48E+16;0;0;2,48E+16;9
926;1/1/2020 0:00;4,63E+15;0;0;4,63E+15;9
927;1/1/2020 0:00;6,81E+15;0;0;6,81E+15;9
928;1/1/2020 0:00;7,39E+15;0;0;7,39E+15;9
929;1/1/2020 0:00;4,21E+16;0;0;4,21E+16;9
930;1/1/2020 0:00;3,09E+16;0;0;3,09E+16;9
931;1/1/2020 0:00;7,54E+15;0;0;7,54E+15;9
932;1/1/2020 0:00;1,11E+16;0;0;1,11E+16;9
933;1/1/2020 0:00;6,66E+15;0;0;6,66E+15;9
934;1/1/2020 0:00;3,66E+16;0;0;3,66E+16;9
935;1/1/2020 0:00;3,67E+15;0;0;3,67E+15;9
936;1/1/2020 0:00;2,93E+15;0;0;2,93E+15;9
937;1/1/2020 0:00;8,11E+15;0;0;8,11E+15;9
938;1/1/2020 0:00;3,67E+16;0;0;3,67E+16;9
939;1/1/2020 0:00;7,28E+15;0;0;7,28E+15;9
940;1/1/2020 0:00;4,52E+16;0;0;4,52E+16;9
941;1/1/2020 0:00;6,83E+15;0;0;6,83E+15;9
942;1/1/2020 0:00;7,92E+15;0;0;7,92E+15;9
943;1/1/2020 0:00;7,82E+15;0;0;7,82E+15;9
944;1/1/2020 0:00;444753507;0;0;444753507;9
945;1/1/2020 0:00;2,30E+16;0;0;2,30E+16;9
946;1/1/2020 0:00;2,86E+16;0;0;2,86E+16;9
947;1/1/2020 0:00;9,62E+15;0;0;9,62E+15;9
948;1/1/2020 0:00;9,51E+15;0;0;9,51E+15;9
949;1/1/2020 0:00;7,72E+15;0;0;7,72E+15;9
950;1/1/2020 0:00;7,60E+15;0;0;7,60E+15;9
951;1/1/2020 0:00;701724957;0;0;701724957;9
952;1/1/2020 0:00;3,63E+15;0;0;3,63E+15;9
953;1/1/2020 0:00;8,45E+15;0;0;8,45E+15;9
954;1/1/2020 0:00;5,75E+15;0;0;5,75E+15;9
955;1/1/2020 0:00;5,27E+15;0;0;5,27E+15;9
956;1/1/2020 0:00;600239466;0;0;600239466;9
957;1/1/2020 0:00;2,54E+15;0;0;2,54E+15;9
958;1/1/2020 0:00;4,01E+16;0;0;4,01E+16;9
959;1/1/2020 0:00;6,90E+15;0;0;6,90E+15;9
960;1/1/2020 0:00;3,45E+16;0;0;3,45E+16;9
961;1/1/2020 0:00;5,54E+15;0;0;5,54E+15;9
962;1/1/2020 0:00;4,10E+16;0;0;4,10E+16;9
963;1/1/2020 0:00;4,81E+16;0;0;4,81E+16;9
964;1/1/2020 0:00;3,69E+15;0;0;3,69E+15;9
965;1/1/2020 0:00;5,49E+15;0;0;5,49E+15;9
966;1/1/2020 0:00;8,36E+15;0;0;8,36E+15;9
967;1/1/2020 0:00;4,77E+15;0;0;4,77E+15;9
968;1/1/2020 0:00;766949992;0;0;766949992;9
969;1/1/2020 0:00;6,27E+15;0;0;6,27E+15;9
970;1/1/2020 0:00;733306115;0;0;733306115;9
971;1/1/2020 0:00;9,12E+15;0;0;9,12E+15;9
972;1/1/2020 0:00;6,65E+15;0;0;6,65E+15;9
973;1/1/2020 0:00;4,12E+16;0;0;4,12E+16;9
974;1/1/2020 0:00;3,16E+15;0;0;3,16E+15;9
975;1/1/2020 0:00;5,14E+15;0;0;5,14E+15;9
976;1/1/2020 0:00;6,56E+15;0;0;6,56E+15;9
977;1/1/2020 0:00;2,91E+15;0;0;2,91E+15;9
978;1/1/2020 0:00;61640929;0;0;61640929;9
979;1/1/2020 0:00;7,66E+15;0;0;7,66E+15;9
980;1/1/2020 0:00;4,88E+16;0;0;4,88E+16;9
981;1/1/2020 0:00;79165818;0;0;79165818;9
982;1/1/2020 0:00;354511592;0;0;354511592;9
983;1/1/2020 0:00;3,57E+15;0;0;3,57E+15;9
984;1/1/2020 0:00;7,47E+15;0;0;7,47E+15;9
985;1/1/2020 0:00;6,54E+15;0;0;6,54E+15;9
986;1/1/2020 0:00;7,52E+15;0;0;7,52E+15;9
987;1/1/2020 0:00;5,09E+15;0;0;5,09E+15;9
988;1/1/2020 0:00;4,29E+15;0;0;4,29E+15;9
989;1/1/2020 0:00;749203611;0;0;749203611;9
990;1/1/2020 0:00;8,25E+15;0;0;8,25E+15;9
991;1/1/2020 0:00;7,35E+15;0;0;7,35E+15;9
992;1/1/2020 0:00;4,41E+15;0;0;4,41E+15;9
993;1/1/2020 0:00;7,00E+15;0;0;7,00E+15;9
994;1/1/2020 0:00;541873564;0;0;541873564;9
995;1/1/2020 0:00;3,23E+16;0;0;3,23E+16;9
996;1/1/2020 0:00;7,96E+15;0;0;7,96E+15;9
997;1/1/2020 0:00;3,74E+15;0;0;3,74E+15;9
998;1/1/2020 0:00;1,03E+16;0;0;1,03E+16;9
999;1/1/2020 0:00;5,82E+15;0;0;5,82E+15;9
