prosumer_id,consumption_kWh,import_from_grid_kWh,substation_id
0,0.4842925467873789,0.9471438386043688,0
1,0.9699731369353798,1.6693932816881327,0
2,0.8171074248160775,1.4682704276097776,0
3,0.7241834152365717,1.3071360815934718,0
4,0.3752324096628681,0.6276985304650678,0
5,0.3897159881411196,0.5353013333540317,0
6,0.3251880340436442,0.468540604,0
7,1.1178988728521153,1.7217757775667752,0
8,0.7497844246313069,1.154598732609587,0
9,0.7073459022478205,1.5032679202337884,0
10,0.2427292509219455,0.3926316761671788,0
11,1.0156778481680917,1.7758704910042165,0
12,0.8524380089028695,1.4198902109129343,0
13,0.4430304007582327,0.8295414804665324,0
14,0.4249970815877711,0.6887905455704224,0
15,0.3510121042488522,0.7692377272487918,0
16,0.3938922628438096,0.678042004,0
17,0.6883394472039519,1.0090589297580443,0
18,0.6389385694600384,1.066121493752621,0
19,0.4955673380191858,0.8505020398736263,0
20,0.7676648680420043,1.1448802369958813,0
21,0.3702556570783676,0.5821669012563054,0
22,0.5594154272769155,0.7740188566681766,0
23,0.4739354375978211,0.915009208,0
24,0.562970004,1.115627580674157,0
25,0.803690312,1.600246154501508,0
26,0.3674718422351701,0.7630237753362483,0
27,0.5977021987501495,1.1057374294449367,0
28,0.6879691289816741,1.281615166969218,0
29,0.2788659320239332,0.39579958,0
30,0.7146407905299208,1.207696181505403,0
31,0.411396043,0.4496550904113255,0
32,0.3315552443997793,0.5340279268252541,0
33,0.9270990390324786,1.228326822581688,0
34,1.0728564575836232,1.485040745889936,0
35,0.8435753426451309,1.2928766052111569,0
36,0.583946894,0.8381165822612304,0
37,0.3161556997413937,0.6084647787178318,0
38,0.785617766,1.5096902918856696,0
39,0.6222078830265834,1.0534839540674574,0
40,0.385311985,0.5973460273702943,0
41,0.6544346410059771,1.186771389055063,0
42,0.2846272715453855,0.5036817742464352,0
43,1.0178157141884283,1.7917033631516606,0
44,0.4799685507118755,0.8751819290412384,0
45,0.6593207666950588,1.2666365679797476,0
46,0.4829301708841574,0.8133008890070836,0
47,0.7690344049912679,1.017778434156705,0
48,0.6514418915294616,1.1719372967670576,0
49,0.4755733481651485,0.6184578430130103,0
50,0.9879789756343428,1.7279620386010643,0
51,0.7592239672078003,1.421800146593057,0
52,0.7148886882206587,1.240769407627867,0
53,0.8642738710851318,1.5071941433940996,0
54,0.5948327141418323,1.2408958149696383,0
55,1.0857229424422197,1.523244800297043,0
56,0.3491087060489526,0.6889560811537929,0
57,0.4011370424419223,0.5982109206217131,0
58,0.306107999,0.4195071199140533,0
59,0.5531787531700163,0.9213429462729004,0
60,0.5068053251115038,1.043414663504388,0
61,0.3716368057653851,0.8039417924779334,0
62,0.9235242659564276,1.5073167017898357,0
63,0.510968764,0.889936544,0
64,0.4849855924861742,0.700964813,0
65,0.6850074576555915,1.2300588920241535,0
66,0.3704529595308924,0.6894663438677234,0
67,0.7861721473272013,1.3696537145401757,0
68,0.3122029472634877,0.5401121075394659,0
69,1.100171436817767,2.0650251371812067,0
70,0.895876375,1.3692681647425375,0
71,0.4512349730508887,0.6968003743588397,0
72,0.2388841849327585,0.4764013803175442,0
73,0.8459644623890017,1.4041627757992576,0
74,0.7430337416076152,1.6426801899322936,0
75,0.8580337505782796,1.1466817826441886,0
76,0.6511829637589234,1.492631185110575,0
77,0.329389582,0.6270779780446024,0
78,0.5436637617372735,0.8511842472733806,0
79,0.3642365214054551,0.5239654970435212,0
80,1.0030863954971057,1.6857625963470142,0
81,0.6208053770364154,1.3255090966712952,1
82,0.5203395879958216,0.642850301,1
83,0.2841426186980179,0.6099012389154234,1
84,0.5173096119755286,0.8744573378996702,1
85,0.4717033701824613,0.8256415891923984,1
86,0.8431754855982588,1.5568856560266284,1
87,0.745113055,1.1323055293634614,1
88,0.9272392775094902,1.5438467762282455,1
89,0.5200808103495805,1.0674629177023431,1
90,0.3175538142938467,0.6121755450659967,1
91,0.6082128967265982,1.2652535433056062,1
92,1.006454314024875,1.680192792112706,1
93,0.7065133129755278,1.326357468058603,1
94,0.7774004328672091,1.4620185678242452,1
95,0.6808895361530903,1.2071262723815632,1
96,0.7160878217683116,0.9394043703706386,1
97,0.6311748052084795,0.8710498075344671,1
98,0.2249180718053762,0.5272406355998145,1
99,0.272775042,0.5986907799417909,1
100,0.2230157395449575,0.4835642276233239,1
101,0.822387121,1.3523997466372737,1
102,0.5351708068671905,0.7789935387724544,1
103,0.752265432,1.195131159456874,1
104,0.912017372,1.6310077539020564,1
105,0.4497867216547857,0.88396491,1
106,0.5175804571369288,1.003536519070601,1
107,0.7523302647058604,1.5224453987195827,1
108,0.4554667684173921,0.7069525987943956,1
109,0.272244993,0.524238584,1
110,0.4391221155901421,0.8815849788981595,1
111,0.3759303249339021,0.5971464479155567,1
112,0.8472394352493524,1.7849142984305637,1
113,0.8657056958648973,1.3327129253950722,1
114,0.8521033939955172,1.1715723739309094,1
115,0.8783634389483247,1.581560219944052,1
116,0.7509175044156241,1.4901292131123691,1
117,0.3721178064108034,0.4894517492941012,1
118,0.8168869950267965,1.8325114963164668,1
119,0.6842564456881557,1.3935992869755145,1
120,0.772242455,1.726029746,1
121,0.910562023,1.8855918797810016,1
122,0.5174366708463658,0.8988977468603339,1
123,0.307143721,0.5494438547581915,1
124,0.4453597131902368,0.7760777016726336,1
125,0.5417879305699517,0.951987688,1
126,0.8395281979917932,1.6219616121783846,1
127,0.8761871477045171,1.600614515091518,2
128,0.2560424120202698,0.4228303917355581,2
129,0.550276359,0.8730447858116488,2
130,0.5572487631868355,1.0840545808427833,2
131,0.3907330462520862,0.6576376385285635,2
132,0.3338303899036602,0.4572896397476602,2
133,0.5474462703139361,0.9548155102556956,2
134,1.0222394685555285,1.910005321687105,2
135,0.4280547278846487,0.8079313489452571,2
136,0.5843551107707358,1.0353423747610817,2
137,0.7025448413965248,1.3030505943229498,2
138,0.4704485696077333,0.7899455843404665,2
139,0.9581492669462724,1.9748601438514028,2
140,1.0454462118316803,2.027866693523205,2
141,0.4373438271714456,0.9263425531744036,2
142,0.657358532,0.97291042,2
143,0.5024731826850892,0.7116093324548096,2
144,0.4126041440772364,0.8529985768242566,2
145,0.2658177986439959,0.4451297112166061,2
146,0.7099823553126352,1.2259281370382311,2
147,0.6144510017352587,1.1556764584895347,2
148,0.3295561381488637,0.5299523391238147,2
149,0.4780194462698174,0.8096806842463383,2
150,0.9168477207838364,1.8312676071770853,2
151,0.4507903287960303,0.8013128003339758,2
152,0.3748531821430588,0.7515782372947746,2
153,0.5717806816298092,1.105560355381986,2
154,0.8773986712745463,1.472459935555817,2
155,0.430781214,0.8105049530172792,2
156,0.7277181412764223,1.284144973,2
157,0.8027491430934587,1.515563946401306,2
158,0.383630029,0.6634782966970098,2
159,0.6651293302094791,1.432515147100671,2
160,0.5751737660504794,0.9879507917151812,2
161,0.8380019626230194,1.1879790759002915,2
162,0.6175588337747205,1.3268628987538755,2
163,0.5909300056198568,1.091232730274544,2
164,0.2699723471417524,0.5641459251101005,2
165,0.7448466291960126,1.726856075315247,2
166,0.4639529270648393,0.8765397758040382,2
167,0.389806263,0.7214572812360034,2
168,0.2903011659571983,0.5481602996944226,2
169,0.6985723882354966,1.0315594782803177,2
170,0.687583432,1.321768218495469,2
171,0.2639234363235152,0.4158627888292019,2
172,0.7110247826630751,1.0891642036821234,2
173,0.3660983048906185,0.7460714038730554,2
174,0.7771576293097826,1.3437857785580622,2
175,0.3620664460142378,0.65576326,2
176,0.8230997703617332,1.3670982139907282,2
177,0.4328760704622187,0.9284866411018944,2
178,0.8981937141109541,1.4444207432536704,2
179,0.3297101843384232,0.6312344155565002,2
180,0.5312488241759424,0.8971898519962603,2
181,0.3334579981429992,0.5935513975672079,2
182,0.972996823,1.7283809078723753,2
183,1.0084987088790152,1.526037620837619,2
184,0.392524497,0.821866336,2
185,0.7521730273525716,1.0442112773603351,2
186,0.921855579,1.452640059639512,2
187,0.6701026221323224,1.1048744733277556,2
188,0.6556389034372377,1.4307230897029324,2
189,0.4265765778981488,0.7099008237611458,2
190,0.2901579016044279,0.4858657212938316,2
191,0.9189201588586334,1.648013913989087,2
192,0.795621144,1.3771147819863938,2
193,0.6519178212394308,1.3595913479461597,2
194,0.586280748,0.788397983,2
195,0.6209823717198405,0.9098728166567782,2
196,0.902494404,1.4210444833436724,2
197,1.026522839,1.502652014791754,2
198,0.937214126,1.2910913370181718,2
199,0.9958694753101488,1.3479163201783144,2
200,0.6675444215476795,1.2682765319162266,2
201,0.3195741506329308,0.6049296671425364,2
202,0.3809136137867399,0.699417271,2
203,0.7574147960996432,1.3525844257743622,2
204,0.7957470413526788,1.4593458862538184,2
205,0.2845161952146003,0.4616043587084218,2
206,0.3765630542381858,0.636710258,2
207,0.6778169389034984,1.2082167082313546,2
208,0.2702876512001214,0.5757053565864886,2
209,0.3785165288455444,0.7305307998072359,2
210,0.7992607762248949,0.9874048288594188,2
211,0.7701566659539347,1.5238523631376024,2
212,0.6097035370560955,1.320847470919846,2
213,0.3361412823903718,0.7788981783497054,2
214,0.8132435874896782,1.2311532026634118,2
215,0.3937903929814403,0.7419129847697598,2
216,0.4586839951704215,0.8507518345047012,2
217,0.7735022411134732,1.2164658657773704,2
218,0.7303493678673398,1.339489110933484,2
219,0.8554985697442463,1.3752316534915137,2
220,0.709193643,1.3344826983437177,2
221,0.5532445042057312,1.0590839998272594,2
222,0.2998475936612655,0.5816884952598382,2
223,0.5675948714513949,0.9753835620223366,2
224,0.4479331174235371,0.7290960200084102,2
225,0.4460019420770747,0.8399937589805716,2
226,1.037358148,1.871257965023756,2
227,0.4976204897060265,1.096562235366653,2
228,0.802764991,1.3246842218604478,2
229,0.7551780585812299,1.1362949276686036,2
230,0.8508915736720917,1.6253442242350915,2
231,0.8411611782990662,0.9846941138675414,2
232,0.717252337,1.210305197567188,2
233,0.5298225114802521,1.0798175342308003,2
234,0.3710722700204329,0.6413450682177296,2
235,0.6593586431171192,1.2719968597430795,2
236,0.4944627031637261,0.8697098613772213,2
237,0.2772764827828029,0.460680419,2
238,0.8237074063194464,1.546202776,2
239,0.4405305112868838,0.7236909742783513,2
240,0.9430178423136076,1.4916765155840035,2
241,0.9832591787690774,1.6220514281464122,2
242,0.9336071124769184,1.8159341579663888,2
243,0.5445299509103084,0.832435616,2
244,0.2431510576790994,0.4371653437647036,2
245,1.0064892675823385,1.5888410542395242,2
246,0.6186944036521053,0.9646076867513268,2
247,0.9144776758675676,1.414265493911462,2
248,1.0519526757409503,1.7710802878314975,2
249,1.0788266971152392,1.7420910207004454,2
250,0.433741537,0.8000207904102788,2
251,0.5402919289325285,0.9026851454304752,2
252,0.8447023392292888,1.5812782815029176,2
253,0.4514935415676211,0.9355432633569286,2
254,0.4479698970337357,0.572776719,2
255,0.4915500548404168,0.9800223442648476,2
256,0.9471539303078464,1.890786121913363,2
257,0.8118643179173506,1.485595061,2
258,0.770742744,1.412404470130411,2
259,0.3246392947297104,0.4845911267889082,2
260,0.8410477787804042,1.151592690042004,2
261,1.130173688927737,1.6154808090123327,2
262,0.4329971240870721,0.7077516641387188,3
263,0.6270633783715398,1.1500425266687249,3
264,0.9031942133368192,1.7096964500835323,3
265,0.8933475101067577,1.6516689570106715,3
266,0.7406736210878879,1.211985963187603,3
267,0.8242455159348909,1.430180674740234,3
268,0.4101311470651638,0.9669992651176376,3
269,0.4016266127391384,0.962232844,3
270,0.8568319987797764,1.3125411065316293,3
271,0.923701844,1.3137110669222023,3
272,0.7610600583221685,1.6879675726804126,3
273,0.9371462770331014,1.880885662259257,3
274,0.5791211650629412,1.1168845226917277,3
275,0.638175358,1.137336028347537,3
276,0.7990523111389082,1.5446829395893755,3
277,0.6836170092650864,1.2923881735009175,3
278,0.751920877,1.4714929169367506,3
279,0.9906189420376222,1.584908216546017,3
280,0.9823562738069432,1.7714125297402028,3
281,0.520924349,0.8686087460899582,3
282,0.4777244345856914,0.9053327330506108,3
283,0.2852347048621157,0.5613222803165109,3
284,0.6916116215913565,1.1026411021335245,3
285,0.2881186959831475,0.4717145602127512,3
286,0.5738674281243326,1.1115969517909952,3
287,0.6574827605510603,1.2286373963370945,3
288,0.4676783297356903,0.8319730983125634,3
289,0.6742392123284937,1.207970317950236,3
290,0.2710766882489727,0.5400687340616184,3
291,0.2630403520585842,0.4512058571324628,3
292,0.814765814,1.3861225661782428,3
293,0.4205931613262629,0.916291262,3
294,0.3090522654698122,0.6564487275618309,3
295,0.6556288035644878,1.3771699814499203,3
296,0.8550663789665798,1.4259226042988289,3
297,0.3852054342414194,0.7450287211512799,3
298,0.6888287038594691,1.1197870997266364,3
299,0.3425057419777482,0.5790679042962492,3
300,0.2843589399658749,0.6190034140245458,3
301,0.7180043042920505,1.0351918353832337,3
302,0.6691513932852181,1.1781895481314733,3
303,0.7723337969362635,1.1050090712177447,3
304,0.9881134557274268,1.375158430177171,3
305,0.9633094747722932,1.8157853493821747,3
306,0.6042157155864694,1.0553569791020807,3
307,0.4354329275254626,0.8206101047036235,3
308,0.7614095487130551,1.676875957284496,3
309,0.4439786760013749,0.7429637027043924,3
310,0.6092085056821617,0.8928981628021925,3
311,0.2970846121260141,0.5461218570245228,3
312,0.3092981784949473,0.457854595,3
313,0.9296487081160753,1.5264965426406074,3
314,1.0320855550658337,1.5521440131309352,3
315,0.8666234504464421,1.1660690931450544,3
316,0.6324307931722092,0.949380858,3
317,0.3703422100080256,0.6769410298072067,3
318,0.3585850993637012,0.592718536,3
319,0.4218397333941963,0.7902686234696886,3
320,0.7438900998028654,1.2279175228541248,3
321,0.879494473,1.528044391985726,3
322,0.7757820523856936,1.246019674360023,3
323,0.5039632269281328,0.7633247097097647,3
324,1.0038893921897356,1.4606056957432063,3
325,0.9993336837274892,1.507692935199978,3
326,0.6681622856086333,1.4089738161920018,3
327,0.5976923431238748,1.3951619019699997,3
328,0.6107522560162288,1.0454386067316186,3
329,0.4527688227121746,0.7061751097230444,3
330,0.4994289577605612,0.8465905302527951,3
331,0.7510658495597254,1.6548374441274414,3
332,0.2995518999149596,0.4882916392899915,3
333,0.3420649741135896,0.5198590644646928,3
334,0.3159078710598906,0.4821848221422429,3
335,0.2707890640788097,0.4624985675356708,3
336,1.0239279526399565,1.4706525369147985,3
337,0.7634619813161344,1.3407591662584513,3
338,0.5615235982501328,1.0477632032742557,3
339,0.3389181607116682,0.6329656548091612,3
340,0.6294470677845695,1.1530679067763043,3
341,0.7290850573551657,1.048514227650751,3
342,0.3769844047595799,0.5217986149414419,3
343,0.6515199255519988,1.0943373709670596,3
344,0.4787840360004889,1.0020087239527973,3
345,0.6083643432525514,1.1746707594936057,3
346,0.7077056209419701,1.2812109449637548,3
347,0.2984605514918657,0.4650121381174282,3
348,0.5880179207529979,0.9487053090050253,3
349,0.6118318253703086,1.2080622832243737,3
350,0.625377961,1.0824589806139486,3
351,0.8422704742851671,1.6207296154273536,3
352,0.6467687739821214,1.4175079473292873,3
353,0.345960428,0.6431268659706749,3
354,0.2849792765034101,0.489576466,3
355,0.7780745558370142,1.3893880106518566,3
356,0.2916930649054233,0.3737981909603698,3
357,0.6593969839351349,1.3166045930071433,3
358,1.010040833551476,1.5724505681732517,3
359,0.725666405,0.9614413623961476,3
360,0.4945621816447163,0.9032333823225932,3
361,0.7697653178821635,1.3938956236702542,3
362,0.6349953111175283,0.983156556,3
363,0.5381953505177394,1.162612271383151,3
364,0.9370355215449324,1.3868005229903606,3
365,0.5548451046250729,1.0155237186600672,3
366,0.9965617741008646,1.6708570492435495,3
367,0.8529443333565558,1.6227688665002935,3
368,0.3950173428158525,0.7827399286234162,3
369,0.2884303246823258,0.6187622384255296,3
370,0.3214410738846122,0.4924836597181515,3
371,0.284147803,0.3915264389001654,3
372,0.3144834855839333,0.6146679807281394,3
373,0.6725165996159015,1.4111492016530591,3
374,0.3327712962876401,0.562358556,3
375,0.4544253513063354,0.713845948,3
376,0.7613739240269494,1.5206682656713837,3
377,0.2961309104842867,0.4568454750732498,3
378,0.9298811040718796,1.6289704739786797,3
379,0.5550121493630774,0.8634244147186082,3
380,0.3148035411807589,0.5878328264010556,3
381,0.6943567160014983,1.4189994812399416,3
382,0.6018537480442926,0.942373762,3
383,1.0076977313996696,1.4048515209023642,3
384,0.704097524,1.390337328084588,3
385,0.8300005447492707,1.5640284343420183,3
386,0.5016754281393111,0.772631059,3
387,0.3279498092389472,0.7291482620369417,3
388,0.8458961544638348,1.3275881222935872,3
389,0.753528581,1.5731752526970613,3
390,0.9160828165458516,1.7447871365653642,3
391,0.5067966215663587,0.998655162,3
392,0.5310652625534057,0.8981224337021496,3
393,0.8360581713883748,1.523245025601175,3
394,0.4755110097729372,0.9436706429481078,3
395,0.9538376070668132,1.5063800781778018,3
396,0.8780345160505115,1.6371163649913127,3
397,0.5979390472354803,1.0771851639606602,3
398,0.8200973299194774,1.5396531095209025,3
399,0.7279608239413201,1.4237127370045926,3
400,0.2930876144247705,0.4901745041246045,3
401,0.902130149,1.567238569764897,3
402,0.5288857298173735,1.114557671817414,3
403,0.7951865114450046,1.3866578924907569,3
404,0.4768347303055607,0.715080829,3
405,0.8922344937656628,1.0697110892126935,3
406,0.6279824980158316,1.0626494534336477,3
407,0.2450212316080694,0.4586989001881558,3
408,1.0413155188283765,1.5208514289176238,3
409,0.2359382738265589,0.5177501388365733,3
410,0.5391112705447381,0.872010549,3
411,0.9657436190452272,1.6742137138252309,3
412,1.0052443111160598,2.0892674930788577,3
413,0.6138393148518628,1.1188988913738154,3
414,0.6475121057652787,1.4457380655787968,3
415,0.5634950394971772,1.0083630179968328,3
416,0.4198742264881778,0.7784844912877463,3
417,0.5652843809831054,0.8797384289117192,3
418,0.7620722131239704,1.5717175752296737,3
419,0.8139192375075647,1.4623095061961524,3
420,0.805082939,1.3816454947697443,3
421,0.9828150161103008,1.3845098330062884,3
422,0.308433799,0.5760720955313967,4
423,0.6535151709232043,1.2562919119886218,4
424,0.2962739786724435,0.4832361287860958,4
425,0.6644063559199178,1.3005491775048066,4
426,0.5567960166746072,0.940403094,4
427,0.881246948,1.5042569786436473,4
428,0.5621019791880348,0.9090186946623696,4
429,0.3127357748330217,0.6236326248283073,4
430,0.4228211562627786,0.6350444707518182,4
431,0.9156890284762492,1.3576268236764144,4
432,0.6664282756077029,1.078964886388278,4
433,0.3734986659253951,0.4654001811857542,4
434,0.3224810083304025,0.4768587337187945,4
435,0.8592222441887877,1.3217807093931175,5
436,0.299008928,0.5193757572237325,5
437,0.8457363887765841,1.6438614470792312,5
438,0.6675207176348915,1.3867866965466915,5
439,0.291769576,0.5998406166871539,5
440,0.2784085113828747,0.5665649489052501,5
441,1.1208249889857602,1.6307133070741286,5
442,0.4920898761592112,0.6780971754024764,5
443,0.6017320651929027,1.013637805,5
444,0.8080951028184201,1.397610243278418,5
445,0.8711523806765368,1.617292748565143,5
446,1.1119812193048704,1.852306346190764,5
447,0.7193043240145722,1.2680792382131858,5
448,0.6307067110309079,0.8874528718249678,5
449,0.2763228553193287,0.4826106986369076,5
450,0.7855946405702886,1.4982399472220296,5
451,0.6638214782931711,1.1265120436043334,5
452,0.4024748693588897,0.993624144,5
453,0.96925428,1.5281925340417457,5
454,0.3007234487473306,0.6289877099433092,5
455,0.6544825369562945,1.1593658551176338,5
456,0.229089956,0.4931201476160507,5
457,0.5296350434824246,1.1514947708621222,5
458,0.3345616927178341,0.5480028983412016,5
459,0.326449518,0.6104385366911048,5
460,0.3775607685589705,0.5791536673794513,5
461,0.794908305,1.3321638194303749,5
462,0.8160157979337668,1.761406282987578,5
463,0.7984192177512895,1.2012169517157265,5
464,0.9974058435905676,1.8107043690196267,5
465,0.5879998774225704,1.012185868143006,5
466,0.4717029764682726,0.8299072141227065,5
467,0.8708291051969794,1.704955150961711,5
468,0.4069571618557766,0.7057319857276776,5
469,1.0078453826469047,1.8216759690513895,5
470,0.2705378061595714,0.3886866241346066,5
471,0.8358143233966733,1.4813079557441409,5
472,0.2803161575952261,0.5088714640641515,5
473,0.9898902579759034,1.767019441,5
474,0.6469128303140241,1.1010829977794268,5
475,0.9572293007355984,1.829443457393835,5
476,0.32234673,0.4928515,5
477,0.6729000863167038,1.2353853422204095,5
478,1.1034228198399765,1.6052126490823226,5
479,0.6942961877737578,1.2425847333367557,5
480,0.7034418200233712,0.9461455160553812,5
481,0.8107599185818143,1.358816285321116,5
482,0.5608803316231479,1.0370344146149453,5
483,0.6700507493457881,1.144946525891488,5
484,0.711797327,1.2682701098980746,5
485,1.0166890644134754,1.7614716489270403,5
486,0.2788397744444908,0.5312769178161826,5
487,0.3804769824449933,0.804161627,5
488,1.0280831442909557,1.6442735185456798,5
489,0.903745624,1.7091815328425155,5
490,0.6525601543839632,1.1594924283334649,5
491,0.7881636952397961,1.337001840997082,5
492,0.4310169983803564,0.7574540259943129,5
493,0.516002558,0.8232705030239241,5
494,0.6125463150863191,1.002558706295462,5
495,0.4828759766535152,0.9461272262080092,5
496,0.6989424083357508,1.0677687854162738,5
497,0.3245047744535434,0.5522210211454749,5
498,1.052553355438104,1.885810513,5
499,1.030049478,1.736704728618432,5
500,0.9038309239453292,1.4626563162625088,5
501,0.734161814,1.097681787928398,5
502,0.5343109420989338,0.8600052087601707,5
503,0.7687326018317071,1.2628100769482762,5
504,0.7473486844389529,1.2010994760703173,5
505,0.3954161307937898,0.6106243975289234,5
506,1.0235769739383027,1.4884390681184303,5
507,1.009103490493054,1.5547628355606298,5
508,1.0935574679998108,1.5629868601186925,5
509,0.6862911379786828,1.4949244963518478,5
510,0.6952852667411354,1.282012403312579,5
511,0.5490966968005484,0.851327844,5
512,0.9340590535632636,1.6294839710630888,5
513,0.7425870788066297,1.4923842815361086,5
514,0.2850585934375146,0.4895478813385408,5
515,0.2762506386624601,0.5184932750348622,5
516,0.5069563507971278,1.0476462046161863,5
517,1.0232060533926526,1.2292254400470606,5
518,1.1127854694559003,2.0959171616603425,5
519,0.3796065372087274,0.6479651429348501,5
520,0.6946196383513552,1.076595761962929,5
521,0.549523217,1.0760080697385674,5
522,0.908975888,1.7796679409310672,5
523,0.9400282559250264,1.2743412347968994,5
524,0.863089741,1.7104837540308022,5
525,0.6216197572454402,1.1617689006838317,5
526,0.5785713933818332,1.0329303657999869,5
527,0.5043500987336724,0.8743926301953027,5
528,0.3410749661611986,0.4527520776964796,5
529,0.8912204027845005,1.5402730534037623,5
530,0.912845678,1.2692810458355204,5
531,1.0538833168990691,1.6241245901756076,5
532,1.0128940938926507,1.7015381627904889,5
533,0.6238282086902844,0.8330980761074498,5
534,0.7659569948707421,1.640093651258774,5
535,0.9290069411471288,1.6659289533567458,5
536,0.8370718933915333,1.6154249518137402,5
537,0.4465547802791015,0.7752482988314184,5
538,0.6053614124919894,1.094750154226063,5
539,0.3067429305408594,0.4768538550505161,5
540,0.9170756343631076,1.7581938697468191,5
541,0.6651360642244072,1.267359284235264,5
542,0.4023824020408058,0.7621401174203096,5
543,0.8404070644604195,1.7155117837831453,5
544,0.8989791891896377,1.2161714737659295,5
545,0.6416690774181657,0.8940858383928585,5
546,0.3249284330179111,0.5331844514098286,5
547,0.6641707725514326,1.3427025096350007,5
548,0.6250795211207131,1.1420196913123957,5
549,0.8229808413827339,1.4959854160277677,5
550,0.6555625031686013,1.2987917421136552,5
551,1.012620645350225,1.7219824084262254,5
552,0.7276025554093241,1.264731449919458,5
553,0.5310508905617458,0.9925771429220642,5
554,1.172699978771255,1.4661041296779915,5
555,0.6042175358148515,1.0081697897102035,5
556,0.360049461,0.5982850289753144,5
557,0.2951265695231165,0.3891808815372902,5
558,0.8094203697806414,1.392811482081027,5
559,0.6792951567774334,1.4478385799199247,5
560,0.8091427755362216,1.332867148672287,5
561,0.430608546,0.6824382889249976,5
562,0.3534164711929969,0.7486655447580599,6
563,0.2515150718198886,0.4823699136561067,6
564,0.5144231448174922,0.920831803,6
565,0.7092976637843886,0.952100459,6
566,0.5510965179981332,1.0154469132070034,6
567,0.5753234043538071,1.0652342777912145,6
568,1.2363027223162937,1.477982986797047,6
569,0.4834394985713215,0.9818409597169308,6
570,0.547693283,1.1553974981260773,6
571,0.7880312083157127,1.5867921324594518,6
572,0.5972059471062494,1.0269912130259902,6
573,0.6688707956388465,1.4802909070889985,6
574,0.8615542870826035,1.596740247459777,6
575,0.9677974045091248,1.5212725775118343,6
576,0.3650073075203443,0.6628270956657836,6
577,1.034187973516362,1.937869504985779,6
578,0.4991081667836073,1.065007114963238,6
579,0.4229454114272383,0.8648239348109101,6
580,0.4820507949762084,0.9402204235151794,6
581,1.1250146295402508,2.036331339272486,6
582,0.5563896762718535,0.9457829294175442,6
583,0.4630668535688567,0.8292370288692252,6
584,0.7917687920837378,1.279270775453642,6
585,0.3986088771020458,0.7102995686106975,6
586,0.2603939832417253,0.4053772641000688,6
587,0.3695303696917927,0.5964143076842384,6
588,0.3431549748915432,0.6259463022587279,6
589,0.3912174408996502,0.648914644,6
590,0.3924731469438605,0.6845719597542782,6
591,0.7137974839594338,1.3917397980370123,6
592,0.3764231235702445,0.6420367451486714,6
593,0.4834485977753387,0.7355176574614775,6
594,0.8193508852728794,1.4870015304346225,6
595,0.5668717610342077,1.0522983829071724,6
596,0.7119974639469964,1.3419491742107523,6
597,0.325861046,0.6461728668130063,6
598,0.3692695365075861,0.6794640627302059,6
599,0.3814231290827675,0.4766966783910789,6
600,0.3413014492514552,0.6239327209917805,6
601,0.4173362081785821,0.7933531098625585,6
602,0.396589258,0.6946171828880758,6
603,0.3063469396965225,0.5986509252461077,6
604,0.3078642642261284,0.6805759410466028,6
605,0.5241517172050157,1.154133235736526,6
606,0.3971841559645249,0.6339849122977462,6
607,0.5374883866735776,0.8436978640536246,6
608,0.7228823343180764,1.2649238179620277,6
609,0.9004997417661548,1.695783706718508,6
610,0.2613956125130737,0.4865868318188613,6
611,0.8299225621751418,1.4096032960700804,6
612,0.6528107806363319,1.0064822447560542,6
613,0.3095528300735653,0.4919820646734285,6
614,0.6330214123786313,1.5686366568365966,6
615,0.9501274190602266,1.9209479605600008,6
616,0.2920468109110956,0.5320512924506794,6
617,0.3815327023664612,0.824570989,6
618,0.7797423418919996,1.5822573879766768,6
619,0.7766246508431766,1.205523982,6
620,0.3689965492617078,0.5690164949347011,6
621,0.4509932391467217,0.8836036851873545,6
622,0.4956275662509555,0.8635829463487595,6
623,0.5082830529775952,1.2020557585123184,6
624,0.8139196749324334,1.161557851362034,6
625,0.49008093,0.9559723210103174,6
626,0.6668146497920753,1.1134495078384754,6
627,0.8210083637435461,1.4210313028949115,6
628,0.2940400806406104,0.4342999021854207,6
629,0.342393356,0.9084383863988992,6
630,0.7790707057601723,1.0613720724291809,6
631,0.9220688342851352,1.379523535666149,6
632,0.668687532,1.1435456636215364,6
633,0.5709648175404568,1.2532992659331317,6
634,0.3201250025027841,0.7168388058755689,6
635,0.611950344,1.0699653987367708,6
636,0.6555951911841844,1.1014563710146623,6
637,0.4881307025314881,0.8117946577857468,6
638,0.5536331296445328,0.6226469912343783,6
639,0.5314180862210738,0.9078736421769248,6
640,0.2957196920972037,0.3993351696525141,6
641,0.4548783570823836,0.8361463857577944,6
642,0.435286778,0.7425010385611925,6
643,0.4116332020695986,0.7876909423232229,6
644,0.3377915851878719,0.4838433555134452,6
645,0.9072992703401604,1.5854867939848718,6
646,0.8357016729781216,1.358904891,6
647,0.7398992501239923,1.352313366154438,6
648,0.7470846061427892,1.496320160779307,6
649,0.6557693570341463,1.1891703516538352,6
650,0.3045866471690754,0.4398924452314771,6
651,0.6181277960950918,1.1299724169149463,6
652,0.5848348139494821,1.1967062696728137,6
653,0.7274849282471475,1.5003135905063412,6
654,0.6003410151951056,1.1103269380590468,6
655,0.3358016662767887,0.6137896269243152,6
656,0.5052860735785994,1.013145812842707,6
657,0.5744632340657488,0.7858024667883413,6
658,0.7379170897655962,1.4751771217423169,6
659,0.5690554728218941,1.0187249667314942,6
660,0.4759762891257958,0.9060876086974544,6
661,1.0520368002037168,2.0579317352428776,6
662,0.6175159143623478,1.2982749671399352,6
663,0.3960779012616428,0.5785057418587107,6
664,0.3764653793492239,0.6030755364192789,6
665,0.3686951760265055,0.5221477790499626,6
666,0.4880073458925286,0.7839833476224463,6
667,0.3184414501401016,0.7310070452733574,6
668,0.450226697,0.7362969654529337,6
669,0.4506546067775174,0.9437870196728096,6
670,0.3722828020212889,0.781701834,6
671,0.8278023109868005,1.3503386748000796,6
672,0.2925476431763341,0.4452723612710543,6
673,0.6295974646241589,1.2567548180637909,6
674,0.6266884340994043,0.9381177684231862,6
675,0.9530722653262692,1.8183198143909525,6
676,0.2450873136633284,0.5761550257510714,6
677,0.5709162622652223,0.8619103620289591,6
678,1.004121547210122,1.7457580663544827,6
679,1.0429262108145194,1.285006825797013,6
680,0.885626398,1.3896609572741627,6
681,0.4149983677829277,0.7477534007419727,6
682,0.3142664481415984,0.6221954961487143,6
683,0.6985090993244327,1.165130939289725,6
684,0.8547518128395044,1.3805118513212238,6
685,0.6764942809669202,1.4189256619239583,6
686,0.6407923224191028,1.2046135608301676,6
687,0.4821406549972818,0.7738936027672242,6
688,0.7402348050865125,1.464078809669594,6
689,0.4338048486815107,0.6236701923964726,6
690,0.4971122412303169,1.0794414268721426,6
691,0.5038161679469274,1.020333432,6
692,0.6660437974714746,0.977967638,6
693,0.4243194300667516,0.572782081,6
694,0.3285327834562577,0.4923460340057285,6
695,0.7803462946123191,1.200676381150482,6
696,0.4701027064783566,0.8420599327988054,6
697,0.7064391793433142,1.3505890037575428,6
698,0.313989917,0.7028396104124317,6
699,0.5895953165065086,0.9455850671458698,6
700,0.6702868802706587,1.1527145216289214,7
701,0.3100470450655455,0.6195211467854266,7
702,0.5454244487777242,0.988655997,7
703,0.3906263925875561,0.7065012570611839,7
704,0.3244645339395947,0.479229199,7
705,1.0513043872004475,1.679552196191763,7
706,0.4163031170011554,0.9471232818118626,7
707,0.5966093905644749,1.6053658828812742,7
708,0.4078877484588621,0.8854241391300043,7
709,0.7433421063359211,1.491690478,7
710,0.8379087711200489,1.3550436912006036,7
711,0.7838682500364937,1.4447239776002463,7
712,0.5919021622706233,1.1253290657209245,7
713,0.5796777842953491,1.071851566870776,7
714,0.5457552333382659,1.016573915093535,7
715,1.0137276778073163,1.8415461933649249,7
716,0.8702756646970896,1.6357868899491248,7
717,1.0513330903230669,1.9033184080081944,7
718,0.3511853548064323,0.533977194,7
719,0.7413043795733547,1.3114588771334523,7
720,0.9518409079518502,1.4696525160813882,7
721,0.3736092565439183,0.6856742782279825,7
722,0.2981227643485874,0.5125514345527453,7
723,0.8839033472172759,1.5131885524041078,7
724,0.756622462,1.343169048596796,7
725,1.0405273608657584,1.6462161343678714,7
726,0.3414150357551033,0.6060446649575654,7
727,0.764572128,1.4492599487480593,7
728,0.350658726,0.710814638,7
729,0.3716229341287399,0.7450027256289882,7
730,0.3798828288831477,0.6488099781463004,7
731,0.9080533177238256,1.6382079014009143,7
732,0.7324774642972646,1.451208170240083,7
733,0.5776277662776008,1.337699621689873,7
734,0.50354458,0.9768258719933288,7
735,0.8947327175359158,1.5210281132342298,7
736,0.5313903167951827,0.7448052111113977,7
737,0.8443397193908323,1.4154226982192866,7
738,0.5801611109615455,0.9541532141190544,7
739,0.4995405673189947,0.9060871353432628,7
740,0.5608464101401246,1.022359235178972,7
741,0.5484492976171312,0.8555293721150419,7
742,0.68105339,1.5648649590364712,7
743,0.6007725163530635,0.9836620525791038,7
744,0.4150792406034863,0.7523093534170205,7
745,0.8899580759936555,1.517141233006026,7
746,0.466223981,0.8961707454000268,7
747,0.6357117661849275,1.135384621656845,7
748,1.0788307431579045,1.7240561197042703,7
749,0.7642741172287644,1.2593836318058798,7
750,0.3830813340590639,0.6281913968583612,7
751,0.9410749900781354,1.6487710519803438,7
752,0.6592848722721757,1.338477107170258,7
753,0.4435287536679428,0.8227040026119126,7
754,0.3271840124017246,0.6633847705700395,7
755,0.8883253437761117,1.5406049581016164,7
756,0.5680037201107885,1.1996130437056407,7
757,0.6728421218777598,1.0961915075730595,7
758,0.9139825209156492,1.6147912967586622,7
759,0.9865688012340263,1.3483616837819403,7
760,0.4204113663954564,0.686353661,7
761,0.4920486917274895,0.6900710506170723,7
762,0.467275213,0.8407307510477244,7
763,0.725007704,1.540203234107077,7
764,0.2238074182584331,0.4908172372653344,7
765,0.6980897263574314,1.1513961254057397,7
766,0.865695706,1.4238157451454925,7
767,0.8659924912522787,1.499148892933235,7
768,0.6043823386787787,0.8514286912200469,7
769,0.8109666361939379,1.3503180151322358,7
770,0.2943713440318063,0.6378512395726664,7
771,0.995864395,1.558260828943424,7
772,0.3662651127527959,0.6224646943970554,7
773,0.5706057757712751,0.991838064,7
774,0.809557132,1.5651443253321842,7
775,0.3546777650688258,0.5655595437866305,7
776,0.4613455537555955,0.8575996253575134,7
777,0.8588566681499966,1.164319380210718,7
778,0.8131694916497768,1.4259868991870128,8
779,0.936232027,1.235534797246322,8
780,0.7949708033991496,1.5839973257276665,8
781,0.5247149240261333,0.9497515166250852,8
782,0.355589957,0.800701305,8
783,0.5315629240973772,1.0096786730727043,8
784,0.3327101251225718,0.6916188359832411,8
785,0.9750063033249304,1.5043148946085154,8
786,0.6698400631689392,1.0056019750662175,8
787,0.577647776,0.7977131687606214,8
788,0.6434039886547694,1.1739431270788026,8
789,0.9545195357669712,1.271362764622501,8
790,0.3830446180646121,0.632250167,8
791,0.6795794653718661,1.0929947105665123,8
792,0.6114069010293619,1.0220606115958406,8
793,0.7928365352386555,1.183580646946328,8
794,0.2353206891847783,0.5576885219903086,8
795,0.925829868,1.7159686465788837,8
796,1.0089845135700723,1.782531952940518,8
797,0.7005265729974004,1.1498046560503554,8
798,0.9135057163810096,1.2798714324788534,8
799,1.0160899076715932,1.4869024558927382,8
800,0.8140936283857824,1.463096337248981,8
801,0.3853858314393257,0.6168142182166215,8
802,0.7634797386017026,0.9586467602580624,8
803,0.730002503,1.2064366545324796,8
804,0.4751287672473116,1.003460070025444,8
805,0.7143928578470103,1.3683546470071046,8
806,1.0083925705759058,1.7554250762123165,8
807,1.0495319339847615,1.7198673138564875,8
808,0.6249441602218931,1.0408713558001237,8
809,0.3279896917863863,0.5950137186616689,8
810,0.9139641772744856,2.040435205924143,8
811,0.9149994656877152,1.4035321094985338,8
812,0.3545434940538773,0.6522142709841189,8
813,0.8287862182607258,1.4023066517344214,8
814,0.8032618456335797,1.637479415,8
815,0.5725258150332486,1.0568497579050802,8
816,0.606581452,0.9725702611428676,8
817,0.6293926029405644,0.8861792096335337,8
818,0.2512541889748919,0.5604029998349072,8
819,0.6061678177682448,1.0771892891801929,8
820,0.8452687320570249,1.8144574527586803,8
821,0.2283572987404873,0.3513450171934439,8
822,0.4350715106986838,0.7755036124178409,8
823,0.5052648063115862,0.8548040983299584,8
824,0.6662465662287079,1.2501237644475391,8
825,1.0059017215953414,1.7826821468807477,8
826,0.5881754496933562,0.9518436947110602,8
827,0.4786330641633785,0.9754348332590465,8
828,0.6395891336857744,1.238846455513603,8
829,0.7405469732544404,1.000319787584758,8
830,0.5146892127886413,0.736113208,8
831,0.5653749179943616,0.8471799152848715,8
832,0.3782800065731823,0.5946793012415517,8
833,0.4042588804699774,0.5852477541480541,8
834,0.6387343859722363,1.0704533154417382,8
835,0.5980438950061674,0.975717783,8
836,1.054335314402187,2.116183475672861,8
837,0.5452518582884696,0.7964166602491308,8
838,0.73747759,1.2997654976587345,8
839,0.8744576560288649,1.153085022,8
840,0.303173799,0.4228889057755911,8
841,0.8193833112576003,1.1058473409300251,8
842,0.3789423944787962,0.7658029933300585,9
843,1.087412061589516,1.4718593726088287,9
844,0.3776322512023153,0.5530266693055061,9
845,0.5080667584873101,1.0805188039191156,9
846,0.2374336428053637,0.6189809163345661,9
847,1.000890015,1.691731695161372,9
848,0.5438132157624774,1.2015148674636047,9
849,0.666361582,1.2375584429229554,9
850,0.3135306415601347,0.51930037,9
851,0.6908462275663269,1.3677359094644397,9
852,0.3286765444875915,0.5419048474759277,9
853,0.9471483225826453,1.5388638567025754,9
854,0.4681195092428573,0.6143995325218276,9
855,0.3540833619307525,0.6335241871288636,9
856,0.3100964265310873,0.501431638,9
857,0.5855112040383041,1.0047051114381922,9
858,0.5968781867073539,1.2505429699315849,9
859,0.2709996324079695,0.4876745542274217,9
860,0.8054415535521416,1.4430577171471508,9
861,0.6653891576990838,1.259704259391611,9
862,0.7403925587929947,1.2301873460013066,9
863,0.4856415564600665,1.0385554226609468,9
864,0.5945842853480134,1.0992126376439166,9
865,0.716181886,1.0606944450705371,9
866,0.3183202955375891,0.608782335,9
867,0.398057578,0.7427405043548173,9
868,0.8761163059733028,1.588211018746829,9
869,0.8176094336799858,1.7916061823015246,9
870,0.5292336306635042,0.7968622720293794,9
871,0.4932163153200992,0.7273410701529922,9
872,0.5945299584029841,1.2948636049990978,9
873,0.5126711506267666,0.7537739681870913,9
874,0.293927576,0.4816409293932227,9
875,0.3457338943521415,0.6404709911244613,9
876,0.744193361,1.4020891667460107,9
877,0.7278161425796752,1.546067222490718,9
878,0.2300504911059278,0.3738634211181893,9
879,0.4449438958713593,0.7599200658815527,9
880,0.4513834677163012,0.7188809102237946,9
881,0.7767990113790428,1.3345305988921663,9
882,0.2538602693645033,0.419256028,9
883,0.3299519507069294,0.5718860565354132,9
884,0.8081558290872536,1.4542098518579387,9
885,0.4353547592450759,0.6551521005564052,9
886,0.7391763041442065,1.292135080247789,9
887,0.5096299194712185,0.6650789201313594,9
888,0.3342709015374319,0.5088858427161198,9
889,0.5185126616869701,0.7818522209925425,9
890,0.8004009338920688,1.4095981050874882,9
891,0.7956899441006678,1.5426797797838985,9
892,0.9572513424823832,1.878368069348256,9
893,0.509302552,0.9472658506699082,9
894,0.7650686586406263,1.4173639569121903,9
895,0.3487936160347945,0.7250014221299378,9
896,0.4430407020533485,0.7534144972705564,9
897,0.8911696583024095,1.9148946926989776,9
898,0.243924213,0.4386480847230146,9
899,0.3211508199396315,0.5560189200961781,9
900,0.516803487,0.6462407693069453,9
901,0.2960215947523967,0.4810977759550958,9
902,0.3120890059944429,0.6862539428137093,9
903,0.7076260768591698,1.3417153219628095,9
904,0.4379030508145229,0.9151294371944554,9
905,1.1281721162803466,1.789096469080008,9
906,1.0760640917993167,1.5025865054988832,9
907,0.4795899135705073,0.895407211,9
908,0.4195928227783572,0.6920086167165378,9
909,0.5200787264596534,1.0308926001460677,9
910,0.5925843800898862,1.2076061789736805,9
911,0.4111805361529473,0.8313806088071598,9
912,0.6036032066549567,1.3106548932422035,9
913,0.5760491068436447,1.0548615956361118,9
914,0.736306123,1.2700334444681476,9
915,0.6649248377234694,0.8702138110020594,9
916,0.5077537211249125,0.7378854313961477,9
917,0.950443276,1.6237210346211857,9
918,0.6876724041825362,1.33213665,9
919,0.3503515124334072,0.7121326638999282,9
920,0.9095087672777268,1.4895910991089851,9
921,0.586371949,1.0994813306999534,9
922,0.9011844531864344,1.7813423572514997,9
923,0.8654466259148879,1.3655463791943525,9
924,0.5236870641814017,0.7802610279055462,9
925,0.2475641284924039,0.5014978443598643,9
926,0.4626153764787024,0.7767093447057407,9
927,0.6814778188839451,1.262027217951468,9
928,0.7392992943925304,1.2807035854626527,9
929,0.4205653297525116,0.844543629,9
930,0.3090077578701241,0.6856553495401988,9
931,0.7541734975892672,1.3231567411384524,9
932,1.1064261711672594,1.951833395526741,9
933,0.6657021078555391,1.0643648994858992,9
934,0.3655596674004608,0.7018167642709068,9
935,0.3674376328360602,0.8184422231614461,9
936,0.2928979625565071,0.3876723374841377,9
937,0.8106646060494194,1.665259315482349,9
938,0.3674316531442816,0.5523300696989699,9
939,0.7277405409259273,1.2762342164853928,9
940,0.4519001474656924,0.8173174858296212,9
941,0.6829611347603435,1.1070779409630476,9
942,0.7918677587673749,1.4068593592531966,9
943,0.7817426806249805,1.2510312389363512,9
944,0.444753507,0.782778646,9
945,0.2298149502560328,0.454841127,9
946,0.2863362018674594,0.600760454,9
947,0.9615697882417176,1.710422967326958,9
948,0.9507934375893696,1.542163652315096,9
949,0.7724122410697943,1.1971486996320004,9
950,0.7601100085024161,1.2008479622682184,9
951,0.701724957,1.1665756956865878,9
952,0.3630284493686247,0.5125761122506304,9
953,0.8452655484043442,1.5499607895690042,9
954,0.5752005057179238,0.9366521103952764,9
955,0.5268323762319986,0.9906945100698364,9
956,0.600239466,1.257280400188581,9
957,0.2540414525230963,0.4701892405210345,9
958,0.4013347131996143,0.6366906918397076,9
959,0.6896513697943212,1.4215451265203944,9
960,0.3449036235221128,0.5446966299679552,9
961,0.5543762309246635,1.1228641722670594,9
962,0.4096065468290973,0.7402102980451648,9
963,0.4809579402771878,0.9971283060564832,9
964,0.3691331706701312,0.7707174998486981,9
965,0.5491597111686393,0.7578245197933642,9
966,0.8356313436996159,1.6287187285503124,9
967,0.4771341027414829,0.9271715793084816,9
968,0.766949992,1.0172662035527804,9
969,0.6265941507432217,0.9921495787451592,9
970,0.733306115,1.3666110983326225,9
971,0.9118611616878108,1.9179664472091984,9
972,0.6647862598915232,1.6294585861317623,9
973,0.4119169964147718,0.7543642010001862,9
974,0.3161833383470959,0.4560221700772693,9
975,0.5143141550346657,0.6964866764938403,9
976,0.6563095555693161,1.4136290634594313,9
977,0.2910703676332093,0.4081612368480624,9
978,0.61640929,1.131077278703763,9
979,0.7664898791850201,1.3343950611766515,9
980,0.487914688,0.929213203,9
981,0.79165818,1.3689216227033365,9
982,0.354511592,0.5078236102978647,9
983,0.3572317232853442,0.5571653969862629,9
984,0.7469248498553753,1.2246146120213108,9
985,0.6539491357341031,1.178312971659936,9
986,0.7524583370981343,1.3960800323072575,9
987,0.5092502466967778,1.0077274053957466,9
988,0.4286797849129524,0.8678567744596624,9
989,0.749203611,1.6601380746012906,9
990,0.8250214534268328,1.691478442710889,9
991,0.7348092320077376,1.326624846147825,9
992,0.4412779065449593,0.8180179285349207,9
993,0.7000383236152465,1.2493349411926715,9
994,0.541873564,0.9789530713765818,9
995,0.3228752647154025,0.5248075967461945,9
996,0.7958081499956551,1.1589410277516805,9
997,0.3743489424148858,0.7262947721239411,9
998,1.0337326871193853,1.9793254647744352,9
999,0.5821736114234077,0.8658395669441978,9
