index,prosumer_id,timestamp,consumption_kWh,generation_kWh,excess_injection_kWh,import_from_grid_kWh,Unnamed: 6,substation_id
0,0,1/1/2020 0:00,0.4842925467873789,0.0,0.0,0.4842925467873789,,0
720,1,1/1/2020 0:00,0.9699731369353798,0.0,0.0,0.9699731369353798,,0
1440,2,1/1/2020 0:00,0.8171074248160775,0.0,0.0,0.8171074248160775,,0
2160,3,1/1/2020 0:00,0.7241834152365717,0.0,0.0,0.7241834152365717,,0
2880,4,1/1/2020 0:00,0.3752324096628681,0.0,0.0,0.3752324096628681,,0
3600,5,1/1/2020 0:00,0.3897159881411196,0.0,0.0,0.3897159881411196,,0
4320,6,1/1/2020 0:00,0.3251880340436442,0.0,0.0,0.3251880340436442,,0
5040,7,1/1/2020 0:00,1.1178988728521153,0.0,0.0,1.1178988728521153,,0
5760,8,1/1/2020 0:00,0.7497844246313069,0.0,0.0,0.7497844246313069,,0
6480,9,1/1/2020 0:00,0.7073459022478205,0.0,0.0,0.7073459022478205,,0
7200,10,1/1/2020 0:00,0.2427292509219455,0.0,0.0,0.2427292509219455,,0
7920,11,1/1/2020 0:00,1.0156778481680917,0.0,0.0,1.0156778481680917,,0
8640,12,1/1/2020 0:00,0.8524380089028695,0.0,0.0,0.8524380089028695,,0
9360,13,1/1/2020 0:00,0.4430304007582327,0.0,0.0,0.4430304007582327,,0
10080,14,1/1/2020 0:00,0.4249970815877711,0.0,0.0,0.4249970815877711,,0
10800,15,1/1/2020 0:00,0.3510121042488522,0.0,0.0,0.3510121042488522,,0
11520,16,1/1/2020 0:00,0.3938922628438096,0.0,0.0,0.3938922628438096,,0
12240,17,1/1/2020 0:00,0.6883394472039519,0.0,0.0,0.6883394472039519,,0
12960,18,1/1/2020 0:00,0.6389385694600384,0.0,0.0,0.6389385694600384,,0
13680,19,1/1/2020 0:00,0.4955673380191858,0.0,0.0,0.4955673380191858,,0
14400,20,1/1/2020 0:00,0.7676648680420043,0.0,0.0,0.7676648680420043,,0
15120,21,1/1/2020 0:00,0.3702556570783676,0.0,0.0,0.3702556570783676,,0
15840,22,1/1/2020 0:00,0.5594154272769155,0.0,0.0,0.5594154272769155,,0
16560,23,1/1/2020 0:00,0.4739354375978211,0.0,0.0,0.4739354375978211,,0
17280,24,1/1/2020 0:00,0.562970004,0.0,0.0,0.562970004,,0
18000,25,1/1/2020 0:00,0.803690312,0.0,0.0,0.803690312,,0
18720,26,1/1/2020 0:00,0.3674718422351701,0.0,0.0,0.3674718422351701,,0
19440,27,1/1/2020 0:00,0.5977021987501495,0.0,0.0,0.5977021987501495,,0
20160,28,1/1/2020 0:00,0.6879691289816741,0.0,0.0,0.6879691289816741,,0
20880,29,1/1/2020 0:00,0.2788659320239332,0.0,0.0,0.2788659320239332,,0
21600,30,1/1/2020 0:00,0.7146407905299208,0.0,0.0,0.7146407905299208,,0
22320,31,1/1/2020 0:00,0.411396043,0.0,0.0,0.411396043,,0
23040,32,1/1/2020 0:00,0.3315552443997793,0.0,0.0,0.3315552443997793,,0
23760,33,1/1/2020 0:00,0.9270990390324786,0.0,0.0,0.9270990390324786,,0
24480,34,1/1/2020 0:00,1.0728564575836232,0.0,0.0,1.0728564575836232,,0
25200,35,1/1/2020 0:00,0.8435753426451309,0.0,0.0,0.8435753426451309,,0
25920,36,1/1/2020 0:00,0.583946894,0.0,0.0,0.583946894,,0
26640,37,1/1/2020 0:00,0.3161556997413937,0.0,0.0,0.3161556997413937,,0
27360,38,1/1/2020 0:00,0.785617766,0.0,0.0,0.785617766,,0
28080,39,1/1/2020 0:00,0.6222078830265834,0.0,0.0,0.6222078830265834,,0
28800,40,1/1/2020 0:00,0.385311985116779,0.0,0.0,0.385311985116779,,0
29520,41,1/1/2020 0:00,0.6544346410059771,0.0,0.0,0.6544346410059771,,0
30240,42,1/1/2020 0:00,0.2846272715453855,0.0,0.0,0.2846272715453855,,0
30960,43,1/1/2020 0:00,1.0178157141884283,0.0,0.0,1.0178157141884283,,0
31680,44,1/1/2020 0:00,0.4799685507118755,0.0,0.0,0.4799685507118755,,0
32400,45,1/1/2020 0:00,0.6593207666950588,0.0,0.0,0.6593207666950588,,0
33120,46,1/1/2020 0:00,0.4829301708841574,0.0,0.0,0.4829301708841574,,0
33840,47,1/1/2020 0:00,0.7690344049912679,0.0,0.0,0.7690344049912679,,0
34560,48,1/1/2020 0:00,0.6514418915294616,0.0,0.0,0.6514418915294616,,0
35280,49,1/1/2020 0:00,0.4755733481651485,0.0,0.0,0.4755733481651485,,0
36000,50,1/1/2020 0:00,0.9879789756343428,0.0,0.0,0.9879789756343428,,0
36720,51,1/1/2020 0:00,0.7592239672078003,0.0,0.0,0.7592239672078003,,0
37440,52,1/1/2020 0:00,0.7148886882206587,0.0,0.0,0.7148886882206587,,0
38160,53,1/1/2020 0:00,0.8642738710851318,0.0,0.0,0.8642738710851318,,0
38880,54,1/1/2020 0:00,0.5948327141418323,0.0,0.0,0.5948327141418323,,0
39600,55,1/1/2020 0:00,1.0857229424422197,0.0,0.0,1.0857229424422197,,0
40320,56,1/1/2020 0:00,0.3491087060489526,0.0,0.0,0.3491087060489526,,0
41040,57,1/1/2020 0:00,0.4011370424419223,0.0,0.0,0.4011370424419223,,0
41760,58,1/1/2020 0:00,0.306107999,0.0,0.0,0.306107999,,0
42480,59,1/1/2020 0:00,0.5531787531700163,0.0,0.0,0.5531787531700163,,0
43200,60,1/1/2020 0:00,0.5068053251115038,0.0,0.0,0.5068053251115038,,0
43920,61,1/1/2020 0:00,0.3716368057653851,0.0,0.0,0.3716368057653851,,0
44640,62,1/1/2020 0:00,0.9235242659564276,0.0,0.0,0.9235242659564276,,0
45360,63,1/1/2020 0:00,0.510968764,0.0,0.0,0.510968764,,0
46080,64,1/1/2020 0:00,0.4849855924861742,0.0,0.0,0.4849855924861742,,0
46800,65,1/1/2020 0:00,0.6850074576555915,0.0,0.0,0.6850074576555915,,0
47520,66,1/1/2020 0:00,0.3704529595308924,0.0,0.0,0.3704529595308924,,0
48240,67,1/1/2020 0:00,0.7861721473272013,0.0,0.0,0.7861721473272013,,0
48960,68,1/1/2020 0:00,0.3122029472634877,0.0,0.0,0.3122029472634877,,0
49680,69,1/1/2020 0:00,1.100171436817767,0.0,0.0,1.100171436817767,,0
50400,70,1/1/2020 0:00,0.895876375,0.0,0.0,0.895876375,,0
51120,71,1/1/2020 0:00,0.4512349730508887,0.0,0.0,0.4512349730508887,,0
51840,72,1/1/2020 0:00,0.2388841849327585,0.0,0.0,0.2388841849327585,,0
52560,73,1/1/2020 0:00,0.8459644623890017,0.0,0.0,0.8459644623890017,,0
53280,74,1/1/2020 0:00,0.7430337416076152,0.0,0.0,0.7430337416076152,,0
54000,75,1/1/2020 0:00,0.8580337505782796,0.0,0.0,0.8580337505782796,,0
54720,76,1/1/2020 0:00,0.6511829637589234,0.0,0.0,0.6511829637589234,,0
55440,77,1/1/2020 0:00,0.329389582,0.0,0.0,0.329389582,,0
56160,78,1/1/2020 0:00,0.5436637617372735,0.0,0.0,0.5436637617372735,,0
56880,79,1/1/2020 0:00,0.3642365214054551,0.0,0.0,0.3642365214054551,,0
57600,80,1/1/2020 0:00,1.0030863954971057,0.0,0.0,1.0030863954971057,,0
58320,81,1/1/2020 0:00,0.6208053770364154,0.0,0.0,0.6208053770364154,,1
59040,82,1/1/2020 0:00,0.5203395879958216,0.0,0.0,0.5203395879958216,,1
59760,83,1/1/2020 0:00,0.2841426186980179,0.0,0.0,0.2841426186980179,,1
60480,84,1/1/2020 0:00,0.5173096119755286,0.0,0.0,0.5173096119755286,,1
61200,85,1/1/2020 0:00,0.4717033701824613,0.0,0.0,0.4717033701824613,,1
61920,86,1/1/2020 0:00,0.8431754855982588,0.0,0.0,0.8431754855982588,,1
62640,87,1/1/2020 0:00,0.745113055,0.0,0.0,0.745113055,,1
63360,88,1/1/2020 0:00,0.9272392775094902,0.0,0.0,0.9272392775094902,,1
64080,89,1/1/2020 0:00,0.5200808103495805,0.0,0.0,0.5200808103495805,,1
64800,90,1/1/2020 0:00,0.3175538142938467,0.0,0.0,0.3175538142938467,,1
65520,91,1/1/2020 0:00,0.6082128967265982,0.0,0.0,0.6082128967265982,,1
66240,92,1/1/2020 0:00,1.006454314024875,0.0,0.0,1.006454314024875,,1
66960,93,1/1/2020 0:00,0.7065133129755278,0.0,0.0,0.7065133129755278,,1
67680,94,1/1/2020 0:00,0.7774004328672091,0.0,0.0,0.7774004328672091,,1
68400,95,1/1/2020 0:00,0.6808895361530903,0.0,0.0,0.6808895361530903,,1
69120,96,1/1/2020 0:00,0.7160878217683116,0.0,0.0,0.7160878217683116,,1
69840,97,1/1/2020 0:00,0.6311748052084795,0.0,0.0,0.6311748052084795,,1
70560,98,1/1/2020 0:00,0.2249180718053762,0.0,0.0,0.2249180718053762,,1
71280,99,1/1/2020 0:00,0.272775041954265,0.0,0.0,0.272775041954265,,1
72000,100,1/1/2020 0:00,0.2230157395449575,0.0,0.0,0.2230157395449575,,1
72720,101,1/1/2020 0:00,0.822387121,0.0,0.0,0.822387121,,1
73440,102,1/1/2020 0:00,0.5351708068671905,0.0,0.0,0.5351708068671905,,1
74160,103,1/1/2020 0:00,0.752265432,0.0,0.0,0.752265432,,1
74880,104,1/1/2020 0:00,0.912017372,0.0,0.0,0.912017372,,1
75600,105,1/1/2020 0:00,0.4497867216547857,0.0,0.0,0.4497867216547857,,1
76320,106,1/1/2020 0:00,0.5175804571369288,0.0,0.0,0.5175804571369288,,1
77040,107,1/1/2020 0:00,0.7523302647058604,0.0,0.0,0.7523302647058604,,1
77760,108,1/1/2020 0:00,0.4554667684173921,0.0,0.0,0.4554667684173921,,1
78480,109,1/1/2020 0:00,0.272244993406138,0.0,0.0,0.272244993406138,,1
79200,110,1/1/2020 0:00,0.4391221155901421,0.0,0.0,0.4391221155901421,,1
79920,111,1/1/2020 0:00,0.3759303249339021,0.0,0.0,0.3759303249339021,,1
80640,112,1/1/2020 0:00,0.8472394352493524,0.0,0.0,0.8472394352493524,,1
81360,113,1/1/2020 0:00,0.8657056958648973,0.0,0.0,0.8657056958648973,,1
82080,114,1/1/2020 0:00,0.8521033939955172,0.0,0.0,0.8521033939955172,,1
82800,115,1/1/2020 0:00,0.8783634389483247,0.0,0.0,0.8783634389483247,,1
83520,116,1/1/2020 0:00,0.7509175044156241,0.0,0.0,0.7509175044156241,,1
84240,117,1/1/2020 0:00,0.3721178064108034,0.0,0.0,0.3721178064108034,,1
84960,118,1/1/2020 0:00,0.8168869950267965,0.0,0.0,0.8168869950267965,,1
85680,119,1/1/2020 0:00,0.6842564456881557,0.0,0.0,0.6842564456881557,,1
86400,120,1/1/2020 0:00,0.772242455,0.0,0.0,0.772242455,,1
87120,121,1/1/2020 0:00,0.910562023,0.0,0.0,0.910562023,,1
87840,122,1/1/2020 0:00,0.5174366708463658,0.0,0.0,0.5174366708463658,,1
88560,123,1/1/2020 0:00,0.307143721,0.0,0.0,0.307143721,,1
89280,124,1/1/2020 0:00,0.4453597131902368,0.0,0.0,0.4453597131902368,,1
90000,125,1/1/2020 0:00,0.5417879305699517,0.0,0.0,0.5417879305699517,,1
90720,126,1/1/2020 0:00,0.8395281979917932,0.0,0.0,0.8395281979917932,,1
91440,127,1/1/2020 0:00,0.8761871477045171,0.0,0.0,0.8761871477045171,,2
92160,128,1/1/2020 0:00,0.2560424120202698,0.0,0.0,0.2560424120202698,,2
92880,129,1/1/2020 0:00,0.550276359,0.0,0.0,0.550276359,,2
93600,130,1/1/2020 0:00,0.5572487631868355,0.0,0.0,0.5572487631868355,,2
94320,131,1/1/2020 0:00,0.3907330462520862,0.0,0.0,0.3907330462520862,,2
95040,132,1/1/2020 0:00,0.3338303899036602,0.0,0.0,0.3338303899036602,,2
95760,133,1/1/2020 0:00,0.5474462703139361,0.0,0.0,0.5474462703139361,,2
96480,134,1/1/2020 0:00,1.0222394685555285,0.0,0.0,1.0222394685555285,,2
97200,135,1/1/2020 0:00,0.4280547278846487,0.0,0.0,0.4280547278846487,,2
97920,136,1/1/2020 0:00,0.5843551107707358,0.0,0.0,0.5843551107707358,,2
98640,137,1/1/2020 0:00,0.7025448413965248,0.0,0.0,0.7025448413965248,,2
99360,138,1/1/2020 0:00,0.4704485696077333,0.0,0.0,0.4704485696077333,,2
100080,139,1/1/2020 0:00,0.9581492669462724,0.0,0.0,0.9581492669462724,,2
100800,140,1/1/2020 0:00,1.0454462118316803,0.0,0.0,1.0454462118316803,,2
101520,141,1/1/2020 0:00,0.4373438271714456,0.0,0.0,0.4373438271714456,,2
102240,142,1/1/2020 0:00,0.657358532,0.0,0.0,0.657358532,,2
102960,143,1/1/2020 0:00,0.5024731826850892,0.0,0.0,0.5024731826850892,,2
103680,144,1/1/2020 0:00,0.4126041440772364,0.0,0.0,0.4126041440772364,,2
104400,145,1/1/2020 0:00,0.2658177986439959,0.0,0.0,0.2658177986439959,,2
105120,146,1/1/2020 0:00,0.7099823553126352,0.0,0.0,0.7099823553126352,,2
105840,147,1/1/2020 0:00,0.6144510017352587,0.0,0.0,0.6144510017352587,,2
106560,148,1/1/2020 0:00,0.3295561381488637,0.0,0.0,0.3295561381488637,,2
107280,149,1/1/2020 0:00,0.4780194462698174,0.0,0.0,0.4780194462698174,,2
108000,150,1/1/2020 0:00,0.9168477207838364,0.0,0.0,0.9168477207838364,,2
108720,151,1/1/2020 0:00,0.4507903287960303,0.0,0.0,0.4507903287960303,,2
109440,152,1/1/2020 0:00,0.3748531821430588,0.0,0.0,0.3748531821430588,,2
110160,153,1/1/2020 0:00,0.5717806816298092,0.0,0.0,0.5717806816298092,,2
110880,154,1/1/2020 0:00,0.8773986712745463,0.0,0.0,0.8773986712745463,,2
111600,155,1/1/2020 0:00,0.430781214,0.0,0.0,0.430781214,,2
112320,156,1/1/2020 0:00,0.7277181412764223,0.0,0.0,0.7277181412764223,,2
113040,157,1/1/2020 0:00,0.8027491430934587,0.0,0.0,0.8027491430934587,,2
113760,158,1/1/2020 0:00,0.383630029330017,0.0,0.0,0.383630029330017,,2
114480,159,1/1/2020 0:00,0.6651293302094791,0.0,0.0,0.6651293302094791,,2
115200,160,1/1/2020 0:00,0.5751737660504794,0.0,0.0,0.5751737660504794,,2
115920,161,1/1/2020 0:00,0.8380019626230194,0.0,0.0,0.8380019626230194,,2
116640,162,1/1/2020 0:00,0.6175588337747205,0.0,0.0,0.6175588337747205,,2
117360,163,1/1/2020 0:00,0.5909300056198568,0.0,0.0,0.5909300056198568,,2
118080,164,1/1/2020 0:00,0.2699723471417524,0.0,0.0,0.2699723471417524,,2
118800,165,1/1/2020 0:00,0.7448466291960126,0.0,0.0,0.7448466291960126,,2
119520,166,1/1/2020 0:00,0.4639529270648393,0.0,0.0,0.4639529270648393,,2
120240,167,1/1/2020 0:00,0.389806262973312,0.0,0.0,0.389806262973312,,2
120960,168,1/1/2020 0:00,0.2903011659571983,0.0,0.0,0.2903011659571983,,2
121680,169,1/1/2020 0:00,0.6985723882354966,0.0,0.0,0.6985723882354966,,2
122400,170,1/1/2020 0:00,0.687583432,0.0,0.0,0.687583432,,2
123120,171,1/1/2020 0:00,0.2639234363235152,0.0,0.0,0.2639234363235152,,2
123840,172,1/1/2020 0:00,0.7110247826630751,0.0,0.0,0.7110247826630751,,2
124560,173,1/1/2020 0:00,0.3660983048906185,0.0,0.0,0.3660983048906185,,2
125280,174,1/1/2020 0:00,0.7771576293097826,0.0,0.0,0.7771576293097826,,2
126000,175,1/1/2020 0:00,0.3620664460142378,0.0,0.0,0.3620664460142378,,2
126720,176,1/1/2020 0:00,0.8230997703617332,0.0,0.0,0.8230997703617332,,2
127440,177,1/1/2020 0:00,0.4328760704622187,0.0,0.0,0.4328760704622187,,2
128160,178,1/1/2020 0:00,0.8981937141109541,0.0,0.0,0.8981937141109541,,2
128880,179,1/1/2020 0:00,0.3297101843384232,0.0,0.0,0.3297101843384232,,2
129600,180,1/1/2020 0:00,0.5312488241759424,0.0,0.0,0.5312488241759424,,2
130320,181,1/1/2020 0:00,0.3334579981429992,0.0,0.0,0.3334579981429992,,2
131040,182,1/1/2020 0:00,0.972996822754178,0.0,0.0,0.972996822754178,,2
131760,183,1/1/2020 0:00,1.0084987088790152,0.0,0.0,1.0084987088790152,,2
132480,184,1/1/2020 0:00,0.392524497,0.0,0.0,0.392524497,,2
133200,185,1/1/2020 0:00,0.7521730273525716,0.0,0.0,0.7521730273525716,,2
133920,186,1/1/2020 0:00,0.921855579,0.0,0.0,0.921855579,,2
134640,187,1/1/2020 0:00,0.6701026221323224,0.0,0.0,0.6701026221323224,,2
135360,188,1/1/2020 0:00,0.6556389034372377,0.0,0.0,0.6556389034372377,,2
136080,189,1/1/2020 0:00,0.4265765778981488,0.0,0.0,0.4265765778981488,,2
136800,190,1/1/2020 0:00,0.2901579016044279,0.0,0.0,0.2901579016044279,,2
137520,191,1/1/2020 0:00,0.9189201588586334,0.0,0.0,0.9189201588586334,,2
138240,192,1/1/2020 0:00,0.795621144,0.0,0.0,0.795621144,,2
138960,193,1/1/2020 0:00,0.6519178212394308,0.0,0.0,0.6519178212394308,,2
139680,194,1/1/2020 0:00,0.586280748,0.0,0.0,0.586280748,,2
140400,195,1/1/2020 0:00,0.6209823717198405,0.0,0.0,0.6209823717198405,,2
141120,196,1/1/2020 0:00,0.902494404261448,0.0,0.0,0.902494404261448,,2
141840,197,1/1/2020 0:00,1.026522839,0.0,0.0,1.026522839,,2
142560,198,1/1/2020 0:00,0.937214126,0.0,0.0,0.937214126,,2
143280,199,1/1/2020 0:00,0.9958694753101488,0.0,0.0,0.9958694753101488,,2
144000,200,1/1/2020 0:00,0.6675444215476795,0.0,0.0,0.6675444215476795,,2
144720,201,1/1/2020 0:00,0.3195741506329308,0.0,0.0,0.3195741506329308,,2
145440,202,1/1/2020 0:00,0.3809136137867399,0.0,0.0,0.3809136137867399,,2
146160,203,1/1/2020 0:00,0.7574147960996432,0.0,0.0,0.7574147960996432,,2
146880,204,1/1/2020 0:00,0.7957470413526788,0.0,0.0,0.7957470413526788,,2
147600,205,1/1/2020 0:00,0.2845161952146003,0.0,0.0,0.2845161952146003,,2
148320,206,1/1/2020 0:00,0.3765630542381858,0.0,0.0,0.3765630542381858,,2
149040,207,1/1/2020 0:00,0.6778169389034984,0.0,0.0,0.6778169389034984,,2
149760,208,1/1/2020 0:00,0.2702876512001214,0.0,0.0,0.2702876512001214,,2
150480,209,1/1/2020 0:00,0.3785165288455444,0.0,0.0,0.3785165288455444,,2
151200,210,1/1/2020 0:00,0.7992607762248949,0.0,0.0,0.7992607762248949,,2
151920,211,1/1/2020 0:00,0.7701566659539347,0.0,0.0,0.7701566659539347,,2
152640,212,1/1/2020 0:00,0.6097035370560955,0.0,0.0,0.6097035370560955,,2
153360,213,1/1/2020 0:00,0.3361412823903718,0.0,0.0,0.3361412823903718,,2
154080,214,1/1/2020 0:00,0.8132435874896782,0.0,0.0,0.8132435874896782,,2
154800,215,1/1/2020 0:00,0.3937903929814403,0.0,0.0,0.3937903929814403,,2
155520,216,1/1/2020 0:00,0.4586839951704215,0.0,0.0,0.4586839951704215,,2
156240,217,1/1/2020 0:00,0.7735022411134732,0.0,0.0,0.7735022411134732,,2
156960,218,1/1/2020 0:00,0.7303493678673398,0.0,0.0,0.7303493678673398,,2
157680,219,1/1/2020 0:00,0.8554985697442463,0.0,0.0,0.8554985697442463,,2
158400,220,1/1/2020 0:00,0.709193643,0.0,0.0,0.709193643,,2
159120,221,1/1/2020 0:00,0.5532445042057312,0.0,0.0,0.5532445042057312,,2
159840,222,1/1/2020 0:00,0.2998475936612655,0.0,0.0,0.2998475936612655,,2
160560,223,1/1/2020 0:00,0.5675948714513949,0.0,0.0,0.5675948714513949,,2
161280,224,1/1/2020 0:00,0.4479331174235371,0.0,0.0,0.4479331174235371,,2
162000,225,1/1/2020 0:00,0.4460019420770747,0.0,0.0,0.4460019420770747,,2
162720,226,1/1/2020 0:00,1.037358148,0.0,0.0,1.037358148,,2
163440,227,1/1/2020 0:00,0.4976204897060265,0.0,0.0,0.4976204897060265,,2
164160,228,1/1/2020 0:00,0.802764991,0.0,0.0,0.802764991,,2
164880,229,1/1/2020 0:00,0.7551780585812299,0.0,0.0,0.7551780585812299,,2
165600,230,1/1/2020 0:00,0.8508915736720917,0.0,0.0,0.8508915736720917,,2
166320,231,1/1/2020 0:00,0.8411611782990662,0.0,0.0,0.8411611782990662,,2
167040,232,1/1/2020 0:00,0.717252337,0.0,0.0,0.717252337,,2
167760,233,1/1/2020 0:00,0.5298225114802521,0.0,0.0,0.5298225114802521,,2
168480,234,1/1/2020 0:00,0.3710722700204329,0.0,0.0,0.3710722700204329,,2
169200,235,1/1/2020 0:00,0.6593586431171192,0.0,0.0,0.6593586431171192,,2
169920,236,1/1/2020 0:00,0.4944627031637261,0.0,0.0,0.4944627031637261,,2
170640,237,1/1/2020 0:00,0.2772764827828029,0.0,0.0,0.2772764827828029,,2
171360,238,1/1/2020 0:00,0.8237074063194464,0.0,0.0,0.8237074063194464,,2
172080,239,1/1/2020 0:00,0.4405305112868838,0.0,0.0,0.4405305112868838,,2
172800,240,1/1/2020 0:00,0.9430178423136076,0.0,0.0,0.9430178423136076,,2
173520,241,1/1/2020 0:00,0.9832591787690774,0.0,0.0,0.9832591787690774,,2
174240,242,1/1/2020 0:00,0.9336071124769184,0.0,0.0,0.9336071124769184,,2
174960,243,1/1/2020 0:00,0.5445299509103084,0.0,0.0,0.5445299509103084,,2
175680,244,1/1/2020 0:00,0.2431510576790994,0.0,0.0,0.2431510576790994,,2
176400,245,1/1/2020 0:00,1.0064892675823385,0.0,0.0,1.0064892675823385,,2
177120,246,1/1/2020 0:00,0.6186944036521053,0.0,0.0,0.6186944036521053,,2
177840,247,1/1/2020 0:00,0.9144776758675676,0.0,0.0,0.9144776758675676,,2
178560,248,1/1/2020 0:00,1.0519526757409503,0.0,0.0,1.0519526757409503,,2
179280,249,1/1/2020 0:00,1.0788266971152392,0.0,0.0,1.0788266971152392,,2
180000,250,1/1/2020 0:00,0.433741537447857,0.0,0.0,0.433741537447857,,2
180720,251,1/1/2020 0:00,0.5402919289325285,0.0,0.0,0.5402919289325285,,2
181440,252,1/1/2020 0:00,0.8447023392292888,0.0,0.0,0.8447023392292888,,2
182160,253,1/1/2020 0:00,0.4514935415676211,0.0,0.0,0.4514935415676211,,2
182880,254,1/1/2020 0:00,0.4479698970337357,0.0,0.0,0.4479698970337357,,2
183600,255,1/1/2020 0:00,0.4915500548404168,0.0,0.0,0.4915500548404168,,2
184320,256,1/1/2020 0:00,0.9471539303078464,0.0,0.0,0.9471539303078464,,2
185040,257,1/1/2020 0:00,0.8118643179173506,0.0,0.0,0.8118643179173506,,2
185760,258,1/1/2020 0:00,0.770742744,0.0,0.0,0.770742744,,2
186480,259,1/1/2020 0:00,0.3246392947297104,0.0,0.0,0.3246392947297104,,2
187200,260,1/1/2020 0:00,0.8410477787804042,0.0,0.0,0.8410477787804042,,2
187920,261,1/1/2020 0:00,1.130173688927737,0.0,0.0,1.130173688927737,,2
188640,262,1/1/2020 0:00,0.4329971240870721,0.0,0.0,0.4329971240870721,,3
189360,263,1/1/2020 0:00,0.6270633783715398,0.0,0.0,0.6270633783715398,,3
190080,264,1/1/2020 0:00,0.9031942133368192,0.0,0.0,0.9031942133368192,,3
190800,265,1/1/2020 0:00,0.8933475101067577,0.0,0.0,0.8933475101067577,,3
191520,266,1/1/2020 0:00,0.7406736210878879,0.0,0.0,0.7406736210878879,,3
192240,267,1/1/2020 0:00,0.8242455159348909,0.0,0.0,0.8242455159348909,,3
192960,268,1/1/2020 0:00,0.4101311470651638,0.0,0.0,0.4101311470651638,,3
193680,269,1/1/2020 0:00,0.4016266127391384,0.0,0.0,0.4016266127391384,,3
194400,270,1/1/2020 0:00,0.8568319987797764,0.0,0.0,0.8568319987797764,,3
195120,271,1/1/2020 0:00,0.923701844465436,0.0,0.0,0.923701844465436,,3
195840,272,1/1/2020 0:00,0.7610600583221685,0.0,0.0,0.7610600583221685,,3
196560,273,1/1/2020 0:00,0.9371462770331014,0.0,0.0,0.9371462770331014,,3
197280,274,1/1/2020 0:00,0.5791211650629412,0.0,0.0,0.5791211650629412,,3
198000,275,1/1/2020 0:00,0.638175358,0.0,0.0,0.638175358,,3
198720,276,1/1/2020 0:00,0.7990523111389082,0.0,0.0,0.7990523111389082,,3
199440,277,1/1/2020 0:00,0.6836170092650864,0.0,0.0,0.6836170092650864,,3
200160,278,1/1/2020 0:00,0.751920877,0.0,0.0,0.751920877,,3
200880,279,1/1/2020 0:00,0.9906189420376222,0.0,0.0,0.9906189420376222,,3
201600,280,1/1/2020 0:00,0.9823562738069432,0.0,0.0,0.9823562738069432,,3
202320,281,1/1/2020 0:00,0.520924349,0.0,0.0,0.520924349,,3
203040,282,1/1/2020 0:00,0.4777244345856914,0.0,0.0,0.4777244345856914,,3
203760,283,1/1/2020 0:00,0.2852347048621157,0.0,0.0,0.2852347048621157,,3
204480,284,1/1/2020 0:00,0.6916116215913565,0.0,0.0,0.6916116215913565,,3
205200,285,1/1/2020 0:00,0.2881186959831475,0.0,0.0,0.2881186959831475,,3
205920,286,1/1/2020 0:00,0.5738674281243326,0.0,0.0,0.5738674281243326,,3
206640,287,1/1/2020 0:00,0.6574827605510603,0.0,0.0,0.6574827605510603,,3
207360,288,1/1/2020 0:00,0.4676783297356903,0.0,0.0,0.4676783297356903,,3
208080,289,1/1/2020 0:00,0.6742392123284937,0.0,0.0,0.6742392123284937,,3
208800,290,1/1/2020 0:00,0.2710766882489727,0.0,0.0,0.2710766882489727,,3
209520,291,1/1/2020 0:00,0.2630403520585842,0.0,0.0,0.2630403520585842,,3
210240,292,1/1/2020 0:00,0.814765814,0.0,0.0,0.814765814,,3
210960,293,1/1/2020 0:00,0.4205931613262629,0.0,0.0,0.4205931613262629,,3
211680,294,1/1/2020 0:00,0.3090522654698122,0.0,0.0,0.3090522654698122,,3
212400,295,1/1/2020 0:00,0.6556288035644878,0.0,0.0,0.6556288035644878,,3
213120,296,1/1/2020 0:00,0.8550663789665798,0.0,0.0,0.8550663789665798,,3
213840,297,1/1/2020 0:00,0.3852054342414194,0.0,0.0,0.3852054342414194,,3
214560,298,1/1/2020 0:00,0.6888287038594691,0.0,0.0,0.6888287038594691,,3
215280,299,1/1/2020 0:00,0.3425057419777482,0.0,0.0,0.3425057419777482,,3
216000,300,1/1/2020 0:00,0.2843589399658749,0.0,0.0,0.2843589399658749,,3
216720,301,1/1/2020 0:00,0.7180043042920505,0.0,0.0,0.7180043042920505,,3
217440,302,1/1/2020 0:00,0.6691513932852181,0.0,0.0,0.6691513932852181,,3
218160,303,1/1/2020 0:00,0.7723337969362635,0.0,0.0,0.7723337969362635,,3
218880,304,1/1/2020 0:00,0.9881134557274268,0.0,0.0,0.9881134557274268,,3
219600,305,1/1/2020 0:00,0.9633094747722932,0.0,0.0,0.9633094747722932,,3
220320,306,1/1/2020 0:00,0.6042157155864694,0.0,0.0,0.6042157155864694,,3
221040,307,1/1/2020 0:00,0.4354329275254626,0.0,0.0,0.4354329275254626,,3
221760,308,1/1/2020 0:00,0.7614095487130551,0.0,0.0,0.7614095487130551,,3
222480,309,1/1/2020 0:00,0.4439786760013749,0.0,0.0,0.4439786760013749,,3
223200,310,1/1/2020 0:00,0.6092085056821617,0.0,0.0,0.6092085056821617,,3
223920,311,1/1/2020 0:00,0.2970846121260141,0.0,0.0,0.2970846121260141,,3
224640,312,1/1/2020 0:00,0.3092981784949473,0.0,0.0,0.3092981784949473,,3
225360,313,1/1/2020 0:00,0.9296487081160753,0.0,0.0,0.9296487081160753,,3
226080,314,1/1/2020 0:00,1.0320855550658337,0.0,0.0,1.0320855550658337,,3
226800,315,1/1/2020 0:00,0.8666234504464421,0.0,0.0,0.8666234504464421,,3
227520,316,1/1/2020 0:00,0.6324307931722092,0.0,0.0,0.6324307931722092,,3
228240,317,1/1/2020 0:00,0.3703422100080256,0.0,0.0,0.3703422100080256,,3
228960,318,1/1/2020 0:00,0.3585850993637012,0.0,0.0,0.3585850993637012,,3
229680,319,1/1/2020 0:00,0.4218397333941963,0.0,0.0,0.4218397333941963,,3
230400,320,1/1/2020 0:00,0.7438900998028654,0.0,0.0,0.7438900998028654,,3
231120,321,1/1/2020 0:00,0.879494473,0.0,0.0,0.879494473,,3
231840,322,1/1/2020 0:00,0.7757820523856936,0.0,0.0,0.7757820523856936,,3
232560,323,1/1/2020 0:00,0.5039632269281328,0.0,0.0,0.5039632269281328,,3
233280,324,1/1/2020 0:00,1.0038893921897356,0.0,0.0,1.0038893921897356,,3
234000,325,1/1/2020 0:00,0.9993336837274892,0.0,0.0,0.9993336837274892,,3
234720,326,1/1/2020 0:00,0.6681622856086333,0.0,0.0,0.6681622856086333,,3
235440,327,1/1/2020 0:00,0.5976923431238748,0.0,0.0,0.5976923431238748,,3
236160,328,1/1/2020 0:00,0.6107522560162288,0.0,0.0,0.6107522560162288,,3
236880,329,1/1/2020 0:00,0.4527688227121746,0.0,0.0,0.4527688227121746,,3
237600,330,1/1/2020 0:00,0.4994289577605612,0.0,0.0,0.4994289577605612,,3
238320,331,1/1/2020 0:00,0.7510658495597254,0.0,0.0,0.7510658495597254,,3
239040,332,1/1/2020 0:00,0.2995518999149596,0.0,0.0,0.2995518999149596,,3
239760,333,1/1/2020 0:00,0.3420649741135896,0.0,0.0,0.3420649741135896,,3
240480,334,1/1/2020 0:00,0.3159078710598906,0.0,0.0,0.3159078710598906,,3
241200,335,1/1/2020 0:00,0.2707890640788097,0.0,0.0,0.2707890640788097,,3
241920,336,1/1/2020 0:00,1.0239279526399565,0.0,0.0,1.0239279526399565,,3
242640,337,1/1/2020 0:00,0.7634619813161344,0.0,0.0,0.7634619813161344,,3
243360,338,1/1/2020 0:00,0.5615235982501328,0.0,0.0,0.5615235982501328,,3
244080,339,1/1/2020 0:00,0.3389181607116682,0.0,0.0,0.3389181607116682,,3
244800,340,1/1/2020 0:00,0.6294470677845695,0.0,0.0,0.6294470677845695,,3
245520,341,1/1/2020 0:00,0.7290850573551657,0.0,0.0,0.7290850573551657,,3
246240,342,1/1/2020 0:00,0.3769844047595799,0.0,0.0,0.3769844047595799,,3
246960,343,1/1/2020 0:00,0.6515199255519988,0.0,0.0,0.6515199255519988,,3
247680,344,1/1/2020 0:00,0.4787840360004889,0.0,0.0,0.4787840360004889,,3
248400,345,1/1/2020 0:00,0.6083643432525514,0.0,0.0,0.6083643432525514,,3
249120,346,1/1/2020 0:00,0.7077056209419701,0.0,0.0,0.7077056209419701,,3
249840,347,1/1/2020 0:00,0.2984605514918657,0.0,0.0,0.2984605514918657,,3
250560,348,1/1/2020 0:00,0.5880179207529979,0.0,0.0,0.5880179207529979,,3
251280,349,1/1/2020 0:00,0.6118318253703086,0.0,0.0,0.6118318253703086,,3
252000,350,1/1/2020 0:00,0.625377961,0.0,0.0,0.625377961,,3
252720,351,1/1/2020 0:00,0.8422704742851671,0.0,0.0,0.8422704742851671,,3
253440,352,1/1/2020 0:00,0.6467687739821214,0.0,0.0,0.6467687739821214,,3
254160,353,1/1/2020 0:00,0.345960428,0.0,0.0,0.345960428,,3
254880,354,1/1/2020 0:00,0.2849792765034101,0.0,0.0,0.2849792765034101,,3
255600,355,1/1/2020 0:00,0.7780745558370142,0.0,0.0,0.7780745558370142,,3
256320,356,1/1/2020 0:00,0.2916930649054233,0.0,0.0,0.2916930649054233,,3
257040,357,1/1/2020 0:00,0.6593969839351349,0.0,0.0,0.6593969839351349,,3
257760,358,1/1/2020 0:00,1.010040833551476,0.0,0.0,1.010040833551476,,3
258480,359,1/1/2020 0:00,0.725666405,0.0,0.0,0.725666405,,3
259200,360,1/1/2020 0:00,0.4945621816447163,0.0,0.0,0.4945621816447163,,3
259920,361,1/1/2020 0:00,0.7697653178821635,0.0,0.0,0.7697653178821635,,3
260640,362,1/1/2020 0:00,0.6349953111175283,0.0,0.0,0.6349953111175283,,3
261360,363,1/1/2020 0:00,0.5381953505177394,0.0,0.0,0.5381953505177394,,3
262080,364,1/1/2020 0:00,0.9370355215449324,0.0,0.0,0.9370355215449324,,3
262800,365,1/1/2020 0:00,0.5548451046250729,0.0,0.0,0.5548451046250729,,3
263520,366,1/1/2020 0:00,0.9965617741008646,0.0,0.0,0.9965617741008646,,3
264240,367,1/1/2020 0:00,0.8529443333565558,0.0,0.0,0.8529443333565558,,3
264960,368,1/1/2020 0:00,0.3950173428158525,0.0,0.0,0.3950173428158525,,3
265680,369,1/1/2020 0:00,0.2884303246823258,0.0,0.0,0.2884303246823258,,3
266400,370,1/1/2020 0:00,0.3214410738846122,0.0,0.0,0.3214410738846122,,3
267120,371,1/1/2020 0:00,0.28414780343655,0.0,0.0,0.28414780343655,,3
267840,372,1/1/2020 0:00,0.3144834855839333,0.0,0.0,0.3144834855839333,,3
268560,373,1/1/2020 0:00,0.6725165996159015,0.0,0.0,0.6725165996159015,,3
269280,374,1/1/2020 0:00,0.3327712962876401,0.0,0.0,0.3327712962876401,,3
270000,375,1/1/2020 0:00,0.4544253513063354,0.0,0.0,0.4544253513063354,,3
270720,376,1/1/2020 0:00,0.7613739240269494,0.0,0.0,0.7613739240269494,,3
271440,377,1/1/2020 0:00,0.2961309104842867,0.0,0.0,0.2961309104842867,,3
272160,378,1/1/2020 0:00,0.9298811040718796,0.0,0.0,0.9298811040718796,,3
272880,379,1/1/2020 0:00,0.5550121493630774,0.0,0.0,0.5550121493630774,,3
273600,380,1/1/2020 0:00,0.3148035411807589,0.0,0.0,0.3148035411807589,,3
274320,381,1/1/2020 0:00,0.6943567160014983,0.0,0.0,0.6943567160014983,,3
275040,382,1/1/2020 0:00,0.6018537480442926,0.0,0.0,0.6018537480442926,,3
275760,383,1/1/2020 0:00,1.0076977313996696,0.0,0.0,1.0076977313996696,,3
276480,384,1/1/2020 0:00,0.704097524,0.0,0.0,0.704097524,,3
277200,385,1/1/2020 0:00,0.8300005447492707,0.0,0.0,0.8300005447492707,,3
277920,386,1/1/2020 0:00,0.5016754281393111,0.0,0.0,0.5016754281393111,,3
278640,387,1/1/2020 0:00,0.3279498092389472,0.0,0.0,0.3279498092389472,,3
279360,388,1/1/2020 0:00,0.8458961544638348,0.0,0.0,0.8458961544638348,,3
280080,389,1/1/2020 0:00,0.753528581,0.0,0.0,0.753528581,,3
280800,390,1/1/2020 0:00,0.9160828165458516,0.0,0.0,0.9160828165458516,,3
281520,391,1/1/2020 0:00,0.5067966215663587,0.0,0.0,0.5067966215663587,,3
282240,392,1/1/2020 0:00,0.5310652625534057,0.0,0.0,0.5310652625534057,,3
282960,393,1/1/2020 0:00,0.8360581713883748,0.0,0.0,0.8360581713883748,,3
283680,394,1/1/2020 0:00,0.4755110097729372,0.0,0.0,0.4755110097729372,,3
284400,395,1/1/2020 0:00,0.9538376070668132,0.0,0.0,0.9538376070668132,,3
285120,396,1/1/2020 0:00,0.8780345160505115,0.0,0.0,0.8780345160505115,,3
285840,397,1/1/2020 0:00,0.5979390472354803,0.0,0.0,0.5979390472354803,,3
286560,398,1/1/2020 0:00,0.8200973299194774,0.0,0.0,0.8200973299194774,,3
287280,399,1/1/2020 0:00,0.7279608239413201,0.0,0.0,0.7279608239413201,,3
288000,400,1/1/2020 0:00,0.2930876144247705,0.0,0.0,0.2930876144247705,,3
288720,401,1/1/2020 0:00,0.902130148961342,0.0,0.0,0.902130148961342,,3
289440,402,1/1/2020 0:00,0.5288857298173735,0.0,0.0,0.5288857298173735,,3
290160,403,1/1/2020 0:00,0.7951865114450046,0.0,0.0,0.7951865114450046,,3
290880,404,1/1/2020 0:00,0.4768347303055607,0.0,0.0,0.4768347303055607,,3
291600,405,1/1/2020 0:00,0.8922344937656628,0.0,0.0,0.8922344937656628,,3
292320,406,1/1/2020 0:00,0.6279824980158316,0.0,0.0,0.6279824980158316,,3
293040,407,1/1/2020 0:00,0.2450212316080694,0.0,0.0,0.2450212316080694,,3
293760,408,1/1/2020 0:00,1.0413155188283765,0.0,0.0,1.0413155188283765,,3
294480,409,1/1/2020 0:00,0.2359382738265589,0.0,0.0,0.2359382738265589,,3
295200,410,1/1/2020 0:00,0.5391112705447381,0.0,0.0,0.5391112705447381,,3
295920,411,1/1/2020 0:00,0.9657436190452272,0.0,0.0,0.9657436190452272,,3
296640,412,1/1/2020 0:00,1.0052443111160598,0.0,0.0,1.0052443111160598,,3
297360,413,1/1/2020 0:00,0.6138393148518628,0.0,0.0,0.6138393148518628,,3
298080,414,1/1/2020 0:00,0.6475121057652787,0.0,0.0,0.6475121057652787,,3
298800,415,1/1/2020 0:00,0.5634950394971772,0.0,0.0,0.5634950394971772,,3
299520,416,1/1/2020 0:00,0.4198742264881778,0.0,0.0,0.4198742264881778,,3
300240,417,1/1/2020 0:00,0.5652843809831054,0.0,0.0,0.5652843809831054,,3
300960,418,1/1/2020 0:00,0.7620722131239704,0.0,0.0,0.7620722131239704,,3
301680,419,1/1/2020 0:00,0.8139192375075647,0.0,0.0,0.8139192375075647,,3
302400,420,1/1/2020 0:00,0.805082939,0.0,0.0,0.805082939,,3
303120,421,1/1/2020 0:00,0.9828150161103008,0.0,0.0,0.9828150161103008,,3
303840,422,1/1/2020 0:00,0.308433799,0.0,0.0,0.308433799,,4
304560,423,1/1/2020 0:00,0.6535151709232043,0.0,0.0,0.6535151709232043,,4
305280,424,1/1/2020 0:00,0.2962739786724435,0.0,0.0,0.2962739786724435,,4
306000,425,1/1/2020 0:00,0.6644063559199178,0.0,0.0,0.6644063559199178,,4
306720,426,1/1/2020 0:00,0.5567960166746072,0.0,0.0,0.5567960166746072,,4
307440,427,1/1/2020 0:00,0.881246948,0.0,0.0,0.881246948,,4
308160,428,1/1/2020 0:00,0.5621019791880348,0.0,0.0,0.5621019791880348,,4
308880,429,1/1/2020 0:00,0.3127357748330217,0.0,0.0,0.3127357748330217,,4
309600,430,1/1/2020 0:00,0.4228211562627786,0.0,0.0,0.4228211562627786,,4
310320,431,1/1/2020 0:00,0.9156890284762492,0.0,0.0,0.9156890284762492,,4
311040,432,1/1/2020 0:00,0.6664282756077029,0.0,0.0,0.6664282756077029,,4
311760,433,1/1/2020 0:00,0.3734986659253951,0.0,0.0,0.3734986659253951,,4
312480,434,1/1/2020 0:00,0.3224810083304025,0.0,0.0,0.3224810083304025,,4
313200,435,1/1/2020 0:00,0.8592222441887877,0.0,0.0,0.8592222441887877,,5
313920,436,1/1/2020 0:00,0.299008927829012,0.0,0.0,0.299008927829012,,5
314640,437,1/1/2020 0:00,0.8457363887765841,0.0,0.0,0.8457363887765841,,5
315360,438,1/1/2020 0:00,0.6675207176348915,0.0,0.0,0.6675207176348915,,5
316080,439,1/1/2020 0:00,0.291769576419057,0.0,0.0,0.291769576419057,,5
316800,440,1/1/2020 0:00,0.2784085113828747,0.0,0.0,0.2784085113828747,,5
317520,441,1/1/2020 0:00,1.1208249889857602,0.0,0.0,1.1208249889857602,,5
318240,442,1/1/2020 0:00,0.4920898761592112,0.0,0.0,0.4920898761592112,,5
318960,443,1/1/2020 0:00,0.6017320651929027,0.0,0.0,0.6017320651929027,,5
319680,444,1/1/2020 0:00,0.8080951028184201,0.0,0.0,0.8080951028184201,,5
320400,445,1/1/2020 0:00,0.8711523806765368,0.0,0.0,0.8711523806765368,,5
321120,446,1/1/2020 0:00,1.1119812193048704,0.0,0.0,1.1119812193048704,,5
321840,447,1/1/2020 0:00,0.7193043240145722,0.0,0.0,0.7193043240145722,,5
322560,448,1/1/2020 0:00,0.6307067110309079,0.0,0.0,0.6307067110309079,,5
323280,449,1/1/2020 0:00,0.2763228553193287,0.0,0.0,0.2763228553193287,,5
324000,450,1/1/2020 0:00,0.7855946405702886,0.0,0.0,0.7855946405702886,,5
324720,451,1/1/2020 0:00,0.6638214782931711,0.0,0.0,0.6638214782931711,,5
325440,452,1/1/2020 0:00,0.4024748693588897,0.0,0.0,0.4024748693588897,,5
326160,453,1/1/2020 0:00,0.96925428,0.0,0.0,0.96925428,,5
326880,454,1/1/2020 0:00,0.3007234487473306,0.0,0.0,0.3007234487473306,,5
327600,455,1/1/2020 0:00,0.6544825369562945,0.0,0.0,0.6544825369562945,,5
328320,456,1/1/2020 0:00,0.229089956,0.0,0.0,0.229089956,,5
329040,457,1/1/2020 0:00,0.5296350434824246,0.0,0.0,0.5296350434824246,,5
329760,458,1/1/2020 0:00,0.3345616927178341,0.0,0.0,0.3345616927178341,,5
330480,459,1/1/2020 0:00,0.326449518003807,0.0,0.0,0.326449518003807,,5
331200,460,1/1/2020 0:00,0.3775607685589705,0.0,0.0,0.3775607685589705,,5
331920,461,1/1/2020 0:00,0.794908305,0.0,0.0,0.794908305,,5
332640,462,1/1/2020 0:00,0.8160157979337668,0.0,0.0,0.8160157979337668,,5
333360,463,1/1/2020 0:00,0.7984192177512895,0.0,0.0,0.7984192177512895,,5
334080,464,1/1/2020 0:00,0.9974058435905676,0.0,0.0,0.9974058435905676,,5
334800,465,1/1/2020 0:00,0.5879998774225704,0.0,0.0,0.5879998774225704,,5
335520,466,1/1/2020 0:00,0.4717029764682726,0.0,0.0,0.4717029764682726,,5
336240,467,1/1/2020 0:00,0.8708291051969794,0.0,0.0,0.8708291051969794,,5
336960,468,1/1/2020 0:00,0.4069571618557766,0.0,0.0,0.4069571618557766,,5
337680,469,1/1/2020 0:00,1.0078453826469047,0.0,0.0,1.0078453826469047,,5
338400,470,1/1/2020 0:00,0.2705378061595714,0.0,0.0,0.2705378061595714,,5
339120,471,1/1/2020 0:00,0.8358143233966733,0.0,0.0,0.8358143233966733,,5
339840,472,1/1/2020 0:00,0.2803161575952261,0.0,0.0,0.2803161575952261,,5
340560,473,1/1/2020 0:00,0.9898902579759034,0.0,0.0,0.9898902579759034,,5
341280,474,1/1/2020 0:00,0.6469128303140241,0.0,0.0,0.6469128303140241,,5
342000,475,1/1/2020 0:00,0.9572293007355984,0.0,0.0,0.9572293007355984,,5
342720,476,1/1/2020 0:00,0.32234673,0.0,0.0,0.32234673,,5
343440,477,1/1/2020 0:00,0.6729000863167038,0.0,0.0,0.6729000863167038,,5
344160,478,1/1/2020 0:00,1.1034228198399765,0.0,0.0,1.1034228198399765,,5
344880,479,1/1/2020 0:00,0.6942961877737578,0.0,0.0,0.6942961877737578,,5
345600,480,1/1/2020 0:00,0.7034418200233712,0.0,0.0,0.7034418200233712,,5
346320,481,1/1/2020 0:00,0.8107599185818143,0.0,0.0,0.8107599185818143,,5
347040,482,1/1/2020 0:00,0.5608803316231479,0.0,0.0,0.5608803316231479,,5
347760,483,1/1/2020 0:00,0.6700507493457881,0.0,0.0,0.6700507493457881,,5
348480,484,1/1/2020 0:00,0.711797327,0.0,0.0,0.711797327,,5
349200,485,1/1/2020 0:00,1.0166890644134754,0.0,0.0,1.0166890644134754,,5
349920,486,1/1/2020 0:00,0.2788397744444908,0.0,0.0,0.2788397744444908,,5
350640,487,1/1/2020 0:00,0.3804769824449933,0.0,0.0,0.3804769824449933,,5
351360,488,1/1/2020 0:00,1.0280831442909557,0.0,0.0,1.0280831442909557,,5
352080,489,1/1/2020 0:00,0.903745624111712,0.0,0.0,0.903745624111712,,5
352800,490,1/1/2020 0:00,0.6525601543839632,0.0,0.0,0.6525601543839632,,5
353520,491,1/1/2020 0:00,0.7881636952397961,0.0,0.0,0.7881636952397961,,5
354240,492,1/1/2020 0:00,0.4310169983803564,0.0,0.0,0.4310169983803564,,5
354960,493,1/1/2020 0:00,0.516002558,0.0,0.0,0.516002558,,5
355680,494,1/1/2020 0:00,0.6125463150863191,0.0,0.0,0.6125463150863191,,5
356400,495,1/1/2020 0:00,0.4828759766535152,0.0,0.0,0.4828759766535152,,5
357120,496,1/1/2020 0:00,0.6989424083357508,0.0,0.0,0.6989424083357508,,5
357840,497,1/1/2020 0:00,0.3245047744535434,0.0,0.0,0.3245047744535434,,5
358560,498,1/1/2020 0:00,1.052553355438104,0.0,0.0,1.052553355438104,,5
359280,499,1/1/2020 0:00,1.03004947838295,0.0,0.0,1.03004947838295,,5
360000,500,1/1/2020 0:00,0.9038309239453292,0.0,0.0,0.9038309239453292,,5
360720,501,1/1/2020 0:00,0.734161814,0.0,0.0,0.734161814,,5
361440,502,1/1/2020 0:00,0.5343109420989338,0.0,0.0,0.5343109420989338,,5
362160,503,1/1/2020 0:00,0.7687326018317071,0.0,0.0,0.7687326018317071,,5
362880,504,1/1/2020 0:00,0.7473486844389529,0.0,0.0,0.7473486844389529,,5
363600,505,1/1/2020 0:00,0.3954161307937898,0.0,0.0,0.3954161307937898,,5
364320,506,1/1/2020 0:00,1.0235769739383027,0.0,0.0,1.0235769739383027,,5
365040,507,1/1/2020 0:00,1.009103490493054,0.0,0.0,1.009103490493054,,5
365760,508,1/1/2020 0:00,1.0935574679998108,0.0,0.0,1.0935574679998108,,5
366480,509,1/1/2020 0:00,0.6862911379786828,0.0,0.0,0.6862911379786828,,5
367200,510,1/1/2020 0:00,0.6952852667411354,0.0,0.0,0.6952852667411354,,5
367920,511,1/1/2020 0:00,0.5490966968005484,0.0,0.0,0.5490966968005484,,5
368640,512,1/1/2020 0:00,0.9340590535632636,0.0,0.0,0.9340590535632636,,5
369360,513,1/1/2020 0:00,0.7425870788066297,0.0,0.0,0.7425870788066297,,5
370080,514,1/1/2020 0:00,0.2850585934375146,0.0,0.0,0.2850585934375146,,5
370800,515,1/1/2020 0:00,0.2762506386624601,0.0,0.0,0.2762506386624601,,5
371520,516,1/1/2020 0:00,0.5069563507971278,0.0,0.0,0.5069563507971278,,5
372240,517,1/1/2020 0:00,1.0232060533926526,0.0,0.0,1.0232060533926526,,5
372960,518,1/1/2020 0:00,1.1127854694559003,0.0,0.0,1.1127854694559003,,5
373680,519,1/1/2020 0:00,0.3796065372087274,0.0,0.0,0.3796065372087274,,5
374400,520,1/1/2020 0:00,0.6946196383513552,0.0,0.0,0.6946196383513552,,5
375120,521,1/1/2020 0:00,0.549523217,0.0,0.0,0.549523217,,5
375840,522,1/1/2020 0:00,0.908975888424312,0.0,0.0,0.908975888424312,,5
376560,523,1/1/2020 0:00,0.9400282559250264,0.0,0.0,0.9400282559250264,,5
377280,524,1/1/2020 0:00,0.863089741,0.0,0.0,0.863089741,,5
378000,525,1/1/2020 0:00,0.6216197572454402,0.0,0.0,0.6216197572454402,,5
378720,526,1/1/2020 0:00,0.5785713933818332,0.0,0.0,0.5785713933818332,,5
379440,527,1/1/2020 0:00,0.5043500987336724,0.0,0.0,0.5043500987336724,,5
380160,528,1/1/2020 0:00,0.3410749661611986,0.0,0.0,0.3410749661611986,,5
380880,529,1/1/2020 0:00,0.8912204027845005,0.0,0.0,0.8912204027845005,,5
381600,530,1/1/2020 0:00,0.912845678,0.0,0.0,0.912845678,,5
382320,531,1/1/2020 0:00,1.0538833168990691,0.0,0.0,1.0538833168990691,,5
383040,532,1/1/2020 0:00,1.0128940938926507,0.0,0.0,1.0128940938926507,,5
383760,533,1/1/2020 0:00,0.6238282086902844,0.0,0.0,0.6238282086902844,,5
384480,534,1/1/2020 0:00,0.7659569948707421,0.0,0.0,0.7659569948707421,,5
385200,535,1/1/2020 0:00,0.9290069411471288,0.0,0.0,0.9290069411471288,,5
385920,536,1/1/2020 0:00,0.8370718933915333,0.0,0.0,0.8370718933915333,,5
386640,537,1/1/2020 0:00,0.4465547802791015,0.0,0.0,0.4465547802791015,,5
387360,538,1/1/2020 0:00,0.6053614124919894,0.0,0.0,0.6053614124919894,,5
388080,539,1/1/2020 0:00,0.3067429305408594,0.0,0.0,0.3067429305408594,,5
388800,540,1/1/2020 0:00,0.9170756343631076,0.0,0.0,0.9170756343631076,,5
389520,541,1/1/2020 0:00,0.6651360642244072,0.0,0.0,0.6651360642244072,,5
390240,542,1/1/2020 0:00,0.4023824020408058,0.0,0.0,0.4023824020408058,,5
390960,543,1/1/2020 0:00,0.8404070644604195,0.0,0.0,0.8404070644604195,,5
391680,544,1/1/2020 0:00,0.8989791891896377,0.0,0.0,0.8989791891896377,,5
392400,545,1/1/2020 0:00,0.6416690774181657,0.0,0.0,0.6416690774181657,,5
393120,546,1/1/2020 0:00,0.3249284330179111,0.0,0.0,0.3249284330179111,,5
393840,547,1/1/2020 0:00,0.6641707725514326,0.0,0.0,0.6641707725514326,,5
394560,548,1/1/2020 0:00,0.6250795211207131,0.0,0.0,0.6250795211207131,,5
395280,549,1/1/2020 0:00,0.8229808413827339,0.0,0.0,0.8229808413827339,,5
396000,550,1/1/2020 0:00,0.6555625031686013,0.0,0.0,0.6555625031686013,,5
396720,551,1/1/2020 0:00,1.012620645350225,0.0,0.0,1.012620645350225,,5
397440,552,1/1/2020 0:00,0.7276025554093241,0.0,0.0,0.7276025554093241,,5
398160,553,1/1/2020 0:00,0.5310508905617458,0.0,0.0,0.5310508905617458,,5
398880,554,1/1/2020 0:00,1.172699978771255,0.0,0.0,1.172699978771255,,5
399600,555,1/1/2020 0:00,0.6042175358148515,0.0,0.0,0.6042175358148515,,5
400320,556,1/1/2020 0:00,0.360049461306752,0.0,0.0,0.360049461306752,,5
401040,557,1/1/2020 0:00,0.2951265695231165,0.0,0.0,0.2951265695231165,,5
401760,558,1/1/2020 0:00,0.8094203697806414,0.0,0.0,0.8094203697806414,,5
402480,559,1/1/2020 0:00,0.6792951567774334,0.0,0.0,0.6792951567774334,,5
403200,560,1/1/2020 0:00,0.8091427755362216,0.0,0.0,0.8091427755362216,,5
403920,561,1/1/2020 0:00,0.430608546298845,0.0,0.0,0.430608546298845,,5
404640,562,1/1/2020 0:00,0.3534164711929969,0.0,0.0,0.3534164711929969,,6
405360,563,1/1/2020 0:00,0.2515150718198886,0.0,0.0,0.2515150718198886,,6
406080,564,1/1/2020 0:00,0.5144231448174922,0.0,0.0,0.5144231448174922,,6
406800,565,1/1/2020 0:00,0.7092976637843886,0.0,0.0,0.7092976637843886,,6
407520,566,1/1/2020 0:00,0.5510965179981332,0.0,0.0,0.5510965179981332,,6
408240,567,1/1/2020 0:00,0.5753234043538071,0.0,0.0,0.5753234043538071,,6
408960,568,1/1/2020 0:00,1.2363027223162937,0.0,0.0,1.2363027223162937,,6
409680,569,1/1/2020 0:00,0.4834394985713215,0.0,0.0,0.4834394985713215,,6
410400,570,1/1/2020 0:00,0.547693283,0.0,0.0,0.547693283,,6
411120,571,1/1/2020 0:00,0.7880312083157127,0.0,0.0,0.7880312083157127,,6
411840,572,1/1/2020 0:00,0.5972059471062494,0.0,0.0,0.5972059471062494,,6
412560,573,1/1/2020 0:00,0.6688707956388465,0.0,0.0,0.6688707956388465,,6
413280,574,1/1/2020 0:00,0.8615542870826035,0.0,0.0,0.8615542870826035,,6
414000,575,1/1/2020 0:00,0.9677974045091248,0.0,0.0,0.9677974045091248,,6
414720,576,1/1/2020 0:00,0.3650073075203443,0.0,0.0,0.3650073075203443,,6
415440,577,1/1/2020 0:00,1.034187973516362,0.0,0.0,1.034187973516362,,6
416160,578,1/1/2020 0:00,0.4991081667836073,0.0,0.0,0.4991081667836073,,6
416880,579,1/1/2020 0:00,0.4229454114272383,0.0,0.0,0.4229454114272383,,6
417600,580,1/1/2020 0:00,0.4820507949762084,0.0,0.0,0.4820507949762084,,6
418320,581,1/1/2020 0:00,1.1250146295402508,0.0,0.0,1.1250146295402508,,6
419040,582,1/1/2020 0:00,0.5563896762718535,0.0,0.0,0.5563896762718535,,6
419760,583,1/1/2020 0:00,0.4630668535688567,0.0,0.0,0.4630668535688567,,6
420480,584,1/1/2020 0:00,0.7917687920837378,0.0,0.0,0.7917687920837378,,6
421200,585,1/1/2020 0:00,0.3986088771020458,0.0,0.0,0.3986088771020458,,6
421920,586,1/1/2020 0:00,0.2603939832417253,0.0,0.0,0.2603939832417253,,6
422640,587,1/1/2020 0:00,0.3695303696917927,0.0,0.0,0.3695303696917927,,6
423360,588,1/1/2020 0:00,0.3431549748915432,0.0,0.0,0.3431549748915432,,6
424080,589,1/1/2020 0:00,0.3912174408996502,0.0,0.0,0.3912174408996502,,6
424800,590,1/1/2020 0:00,0.3924731469438605,0.0,0.0,0.3924731469438605,,6
425520,591,1/1/2020 0:00,0.7137974839594338,0.0,0.0,0.7137974839594338,,6
426240,592,1/1/2020 0:00,0.3764231235702445,0.0,0.0,0.3764231235702445,,6
426960,593,1/1/2020 0:00,0.4834485977753387,0.0,0.0,0.4834485977753387,,6
427680,594,1/1/2020 0:00,0.8193508852728794,0.0,0.0,0.8193508852728794,,6
428400,595,1/1/2020 0:00,0.5668717610342077,0.0,0.0,0.5668717610342077,,6
429120,596,1/1/2020 0:00,0.7119974639469964,0.0,0.0,0.7119974639469964,,6
429840,597,1/1/2020 0:00,0.325861045793794,0.0,0.0,0.325861045793794,,6
430560,598,1/1/2020 0:00,0.3692695365075861,0.0,0.0,0.3692695365075861,,6
431280,599,1/1/2020 0:00,0.3814231290827675,0.0,0.0,0.3814231290827675,,6
432000,600,1/1/2020 0:00,0.3413014492514552,0.0,0.0,0.3413014492514552,,6
432720,601,1/1/2020 0:00,0.4173362081785821,0.0,0.0,0.4173362081785821,,6
433440,602,1/1/2020 0:00,0.396589258016593,0.0,0.0,0.396589258016593,,6
434160,603,1/1/2020 0:00,0.3063469396965225,0.0,0.0,0.3063469396965225,,6
434880,604,1/1/2020 0:00,0.3078642642261284,0.0,0.0,0.3078642642261284,,6
435600,605,1/1/2020 0:00,0.5241517172050157,0.0,0.0,0.5241517172050157,,6
436320,606,1/1/2020 0:00,0.3971841559645249,0.0,0.0,0.3971841559645249,,6
437040,607,1/1/2020 0:00,0.5374883866735776,0.0,0.0,0.5374883866735776,,6
437760,608,1/1/2020 0:00,0.7228823343180764,0.0,0.0,0.7228823343180764,,6
438480,609,1/1/2020 0:00,0.9004997417661548,0.0,0.0,0.9004997417661548,,6
439200,610,1/1/2020 0:00,0.2613956125130737,0.0,0.0,0.2613956125130737,,6
439920,611,1/1/2020 0:00,0.8299225621751418,0.0,0.0,0.8299225621751418,,6
440640,612,1/1/2020 0:00,0.6528107806363319,0.0,0.0,0.6528107806363319,,6
441360,613,1/1/2020 0:00,0.3095528300735653,0.0,0.0,0.3095528300735653,,6
442080,614,1/1/2020 0:00,0.6330214123786313,0.0,0.0,0.6330214123786313,,6
442800,615,1/1/2020 0:00,0.9501274190602266,0.0,0.0,0.9501274190602266,,6
443520,616,1/1/2020 0:00,0.2920468109110956,0.0,0.0,0.2920468109110956,,6
444240,617,1/1/2020 0:00,0.3815327023664612,0.0,0.0,0.3815327023664612,,6
444960,618,1/1/2020 0:00,0.7797423418919996,0.0,0.0,0.7797423418919996,,6
445680,619,1/1/2020 0:00,0.7766246508431766,0.0,0.0,0.7766246508431766,,6
446400,620,1/1/2020 0:00,0.3689965492617078,0.0,0.0,0.3689965492617078,,6
447120,621,1/1/2020 0:00,0.4509932391467217,0.0,0.0,0.4509932391467217,,6
447840,622,1/1/2020 0:00,0.4956275662509555,0.0,0.0,0.4956275662509555,,6
448560,623,1/1/2020 0:00,0.5082830529775952,0.0,0.0,0.5082830529775952,,6
449280,624,1/1/2020 0:00,0.8139196749324334,0.0,0.0,0.8139196749324334,,6
450000,625,1/1/2020 0:00,0.49008093039614,0.0,0.0,0.49008093039614,,6
450720,626,1/1/2020 0:00,0.6668146497920753,0.0,0.0,0.6668146497920753,,6
451440,627,1/1/2020 0:00,0.8210083637435461,0.0,0.0,0.8210083637435461,,6
452160,628,1/1/2020 0:00,0.2940400806406104,0.0,0.0,0.2940400806406104,,6
452880,629,1/1/2020 0:00,0.342393356,0.0,0.0,0.342393356,,6
453600,630,1/1/2020 0:00,0.7790707057601723,0.0,0.0,0.7790707057601723,,6
454320,631,1/1/2020 0:00,0.9220688342851352,0.0,0.0,0.9220688342851352,,6
455040,632,1/1/2020 0:00,0.668687532,0.0,0.0,0.668687532,,6
455760,633,1/1/2020 0:00,0.5709648175404568,0.0,0.0,0.5709648175404568,,6
456480,634,1/1/2020 0:00,0.3201250025027841,0.0,0.0,0.3201250025027841,,6
457200,635,1/1/2020 0:00,0.611950344,0.0,0.0,0.611950344,,6
457920,636,1/1/2020 0:00,0.6555951911841844,0.0,0.0,0.6555951911841844,,6
458640,637,1/1/2020 0:00,0.4881307025314881,0.0,0.0,0.4881307025314881,,6
459360,638,1/1/2020 0:00,0.5536331296445328,0.0,0.0,0.5536331296445328,,6
460080,639,1/1/2020 0:00,0.5314180862210738,0.0,0.0,0.5314180862210738,,6
460800,640,1/1/2020 0:00,0.2957196920972037,0.0,0.0,0.2957196920972037,,6
461520,641,1/1/2020 0:00,0.4548783570823836,0.0,0.0,0.4548783570823836,,6
462240,642,1/1/2020 0:00,0.43528677764483,0.0,0.0,0.43528677764483,,6
462960,643,1/1/2020 0:00,0.4116332020695986,0.0,0.0,0.4116332020695986,,6
463680,644,1/1/2020 0:00,0.3377915851878719,0.0,0.0,0.3377915851878719,,6
464400,645,1/1/2020 0:00,0.9072992703401604,0.0,0.0,0.9072992703401604,,6
465120,646,1/1/2020 0:00,0.8357016729781216,0.0,0.0,0.8357016729781216,,6
465840,647,1/1/2020 0:00,0.7398992501239923,0.0,0.0,0.7398992501239923,,6
466560,648,1/1/2020 0:00,0.7470846061427892,0.0,0.0,0.7470846061427892,,6
467280,649,1/1/2020 0:00,0.6557693570341463,0.0,0.0,0.6557693570341463,,6
468000,650,1/1/2020 0:00,0.3045866471690754,0.0,0.0,0.3045866471690754,,6
468720,651,1/1/2020 0:00,0.6181277960950918,0.0,0.0,0.6181277960950918,,6
469440,652,1/1/2020 0:00,0.5848348139494821,0.0,0.0,0.5848348139494821,,6
470160,653,1/1/2020 0:00,0.7274849282471475,0.0,0.0,0.7274849282471475,,6
470880,654,1/1/2020 0:00,0.6003410151951056,0.0,0.0,0.6003410151951056,,6
471600,655,1/1/2020 0:00,0.3358016662767887,0.0,0.0,0.3358016662767887,,6
472320,656,1/1/2020 0:00,0.5052860735785994,0.0,0.0,0.5052860735785994,,6
473040,657,1/1/2020 0:00,0.5744632340657488,0.0,0.0,0.5744632340657488,,6
473760,658,1/1/2020 0:00,0.7379170897655962,0.0,0.0,0.7379170897655962,,6
474480,659,1/1/2020 0:00,0.5690554728218941,0.0,0.0,0.5690554728218941,,6
475200,660,1/1/2020 0:00,0.4759762891257958,0.0,0.0,0.4759762891257958,,6
475920,661,1/1/2020 0:00,1.0520368002037168,0.0,0.0,1.0520368002037168,,6
476640,662,1/1/2020 0:00,0.6175159143623478,0.0,0.0,0.6175159143623478,,6
477360,663,1/1/2020 0:00,0.3960779012616428,0.0,0.0,0.3960779012616428,,6
478080,664,1/1/2020 0:00,0.3764653793492239,0.0,0.0,0.3764653793492239,,6
478800,665,1/1/2020 0:00,0.3686951760265055,0.0,0.0,0.3686951760265055,,6
479520,666,1/1/2020 0:00,0.4880073458925286,0.0,0.0,0.4880073458925286,,6
480240,667,1/1/2020 0:00,0.3184414501401016,0.0,0.0,0.3184414501401016,,6
480960,668,1/1/2020 0:00,0.450226697,0.0,0.0,0.450226697,,6
481680,669,1/1/2020 0:00,0.4506546067775174,0.0,0.0,0.4506546067775174,,6
482400,670,1/1/2020 0:00,0.3722828020212889,0.0,0.0,0.3722828020212889,,6
483120,671,1/1/2020 0:00,0.8278023109868005,0.0,0.0,0.8278023109868005,,6
483840,672,1/1/2020 0:00,0.2925476431763341,0.0,0.0,0.2925476431763341,,6
484560,673,1/1/2020 0:00,0.6295974646241589,0.0,0.0,0.6295974646241589,,6
485280,674,1/1/2020 0:00,0.6266884340994043,0.0,0.0,0.6266884340994043,,6
486000,675,1/1/2020 0:00,0.9530722653262692,0.0,0.0,0.9530722653262692,,6
486720,676,1/1/2020 0:00,0.2450873136633284,0.0,0.0,0.2450873136633284,,6
487440,677,1/1/2020 0:00,0.5709162622652223,0.0,0.0,0.5709162622652223,,6
488160,678,1/1/2020 0:00,1.004121547210122,0.0,0.0,1.004121547210122,,6
488880,679,1/1/2020 0:00,1.0429262108145194,0.0,0.0,1.0429262108145194,,6
489600,680,1/1/2020 0:00,0.885626398,0.0,0.0,0.885626398,,6
490320,681,1/1/2020 0:00,0.4149983677829277,0.0,0.0,0.4149983677829277,,6
491040,682,1/1/2020 0:00,0.3142664481415984,0.0,0.0,0.3142664481415984,,6
491760,683,1/1/2020 0:00,0.6985090993244327,0.0,0.0,0.6985090993244327,,6
492480,684,1/1/2020 0:00,0.8547518128395044,0.0,0.0,0.8547518128395044,,6
493200,685,1/1/2020 0:00,0.6764942809669202,0.0,0.0,0.6764942809669202,,6
493920,686,1/1/2020 0:00,0.6407923224191028,0.0,0.0,0.6407923224191028,,6
494640,687,1/1/2020 0:00,0.4821406549972818,0.0,0.0,0.4821406549972818,,6
495360,688,1/1/2020 0:00,0.7402348050865125,0.0,0.0,0.7402348050865125,,6
496080,689,1/1/2020 0:00,0.4338048486815107,0.0,0.0,0.4338048486815107,,6
496800,690,1/1/2020 0:00,0.4971122412303169,0.0,0.0,0.4971122412303169,,6
497520,691,1/1/2020 0:00,0.5038161679469274,0.0,0.0,0.5038161679469274,,6
498240,692,1/1/2020 0:00,0.6660437974714746,0.0,0.0,0.6660437974714746,,6
498960,693,1/1/2020 0:00,0.4243194300667516,0.0,0.0,0.4243194300667516,,6
499680,694,1/1/2020 0:00,0.3285327834562577,0.0,0.0,0.3285327834562577,,6
500400,695,1/1/2020 0:00,0.7803462946123191,0.0,0.0,0.7803462946123191,,6
501120,696,1/1/2020 0:00,0.4701027064783566,0.0,0.0,0.4701027064783566,,6
501840,697,1/1/2020 0:00,0.7064391793433142,0.0,0.0,0.7064391793433142,,6
502560,698,1/1/2020 0:00,0.313989917,0.0,0.0,0.313989917,,6
503280,699,1/1/2020 0:00,0.5895953165065086,0.0,0.0,0.5895953165065086,,6
504000,700,1/1/2020 0:00,0.6702868802706587,0.0,0.0,0.6702868802706587,,7
504720,701,1/1/2020 0:00,0.3100470450655455,0.0,0.0,0.3100470450655455,,7
505440,702,1/1/2020 0:00,0.5454244487777242,0.0,0.0,0.5454244487777242,,7
506160,703,1/1/2020 0:00,0.3906263925875561,0.0,0.0,0.3906263925875561,,7
506880,704,1/1/2020 0:00,0.3244645339395947,0.0,0.0,0.3244645339395947,,7
507600,705,1/1/2020 0:00,1.0513043872004475,0.0,0.0,1.0513043872004475,,7
508320,706,1/1/2020 0:00,0.4163031170011554,0.0,0.0,0.4163031170011554,,7
509040,707,1/1/2020 0:00,0.5966093905644749,0.0,0.0,0.5966093905644749,,7
509760,708,1/1/2020 0:00,0.4078877484588621,0.0,0.0,0.4078877484588621,,7
510480,709,1/1/2020 0:00,0.7433421063359211,0.0,0.0,0.7433421063359211,,7
511200,710,1/1/2020 0:00,0.8379087711200489,0.0,0.0,0.8379087711200489,,7
511920,711,1/1/2020 0:00,0.7838682500364937,0.0,0.0,0.7838682500364937,,7
512640,712,1/1/2020 0:00,0.5919021622706233,0.0,0.0,0.5919021622706233,,7
513360,713,1/1/2020 0:00,0.5796777842953491,0.0,0.0,0.5796777842953491,,7
514080,714,1/1/2020 0:00,0.5457552333382659,0.0,0.0,0.5457552333382659,,7
514800,715,1/1/2020 0:00,1.0137276778073163,0.0,0.0,1.0137276778073163,,7
515520,716,1/1/2020 0:00,0.8702756646970896,0.0,0.0,0.8702756646970896,,7
516240,717,1/1/2020 0:00,1.0513330903230669,0.0,0.0,1.0513330903230669,,7
516960,718,1/1/2020 0:00,0.3511853548064323,0.0,0.0,0.3511853548064323,,7
517680,719,1/1/2020 0:00,0.7413043795733547,0.0,0.0,0.7413043795733547,,7
518400,720,1/1/2020 0:00,0.9518409079518502,0.0,0.0,0.9518409079518502,,7
519120,721,1/1/2020 0:00,0.3736092565439183,0.0,0.0,0.3736092565439183,,7
519840,722,1/1/2020 0:00,0.2981227643485874,0.0,0.0,0.2981227643485874,,7
520560,723,1/1/2020 0:00,0.8839033472172759,0.0,0.0,0.8839033472172759,,7
521280,724,1/1/2020 0:00,0.756622462,0.0,0.0,0.756622462,,7
522000,725,1/1/2020 0:00,1.0405273608657584,0.0,0.0,1.0405273608657584,,7
522720,726,1/1/2020 0:00,0.3414150357551033,0.0,0.0,0.3414150357551033,,7
523440,727,1/1/2020 0:00,0.764572128,0.0,0.0,0.764572128,,7
524160,728,1/1/2020 0:00,0.350658726,0.0,0.0,0.350658726,,7
524880,729,1/1/2020 0:00,0.3716229341287399,0.0,0.0,0.3716229341287399,,7
525600,730,1/1/2020 0:00,0.3798828288831477,0.0,0.0,0.3798828288831477,,7
526320,731,1/1/2020 0:00,0.9080533177238256,0.0,0.0,0.9080533177238256,,7
527040,732,1/1/2020 0:00,0.7324774642972646,0.0,0.0,0.7324774642972646,,7
527760,733,1/1/2020 0:00,0.5776277662776008,0.0,0.0,0.5776277662776008,,7
528480,734,1/1/2020 0:00,0.50354458,0.0,0.0,0.50354458,,7
529200,735,1/1/2020 0:00,0.8947327175359158,0.0,0.0,0.8947327175359158,,7
529920,736,1/1/2020 0:00,0.5313903167951827,0.0,0.0,0.5313903167951827,,7
530640,737,1/1/2020 0:00,0.8443397193908323,0.0,0.0,0.8443397193908323,,7
531360,738,1/1/2020 0:00,0.5801611109615455,0.0,0.0,0.5801611109615455,,7
532080,739,1/1/2020 0:00,0.4995405673189947,0.0,0.0,0.4995405673189947,,7
532800,740,1/1/2020 0:00,0.5608464101401246,0.0,0.0,0.5608464101401246,,7
533520,741,1/1/2020 0:00,0.5484492976171312,0.0,0.0,0.5484492976171312,,7
534240,742,1/1/2020 0:00,0.68105339,0.0,0.0,0.68105339,,7
534960,743,1/1/2020 0:00,0.6007725163530635,0.0,0.0,0.6007725163530635,,7
535680,744,1/1/2020 0:00,0.4150792406034863,0.0,0.0,0.4150792406034863,,7
536400,745,1/1/2020 0:00,0.8899580759936555,0.0,0.0,0.8899580759936555,,7
537120,746,1/1/2020 0:00,0.466223981,0.0,0.0,0.466223981,,7
537840,747,1/1/2020 0:00,0.6357117661849275,0.0,0.0,0.6357117661849275,,7
538560,748,1/1/2020 0:00,1.0788307431579045,0.0,0.0,1.0788307431579045,,7
539280,749,1/1/2020 0:00,0.7642741172287644,0.0,0.0,0.7642741172287644,,7
540000,750,1/1/2020 0:00,0.3830813340590639,0.0,0.0,0.3830813340590639,,7
540720,751,1/1/2020 0:00,0.9410749900781354,0.0,0.0,0.9410749900781354,,7
541440,752,1/1/2020 0:00,0.6592848722721757,0.0,0.0,0.6592848722721757,,7
542160,753,1/1/2020 0:00,0.4435287536679428,0.0,0.0,0.4435287536679428,,7
542880,754,1/1/2020 0:00,0.3271840124017246,0.0,0.0,0.3271840124017246,,7
543600,755,1/1/2020 0:00,0.8883253437761117,0.0,0.0,0.8883253437761117,,7
544320,756,1/1/2020 0:00,0.5680037201107885,0.0,0.0,0.5680037201107885,,7
545040,757,1/1/2020 0:00,0.6728421218777598,0.0,0.0,0.6728421218777598,,7
545760,758,1/1/2020 0:00,0.9139825209156492,0.0,0.0,0.9139825209156492,,7
546480,759,1/1/2020 0:00,0.9865688012340263,0.0,0.0,0.9865688012340263,,7
547200,760,1/1/2020 0:00,0.4204113663954564,0.0,0.0,0.4204113663954564,,7
547920,761,1/1/2020 0:00,0.4920486917274895,0.0,0.0,0.4920486917274895,,7
548640,762,1/1/2020 0:00,0.467275213272452,0.0,0.0,0.467275213272452,,7
549360,763,1/1/2020 0:00,0.725007704,0.0,0.0,0.725007704,,7
550080,764,1/1/2020 0:00,0.2238074182584331,0.0,0.0,0.2238074182584331,,7
550800,765,1/1/2020 0:00,0.6980897263574314,0.0,0.0,0.6980897263574314,,7
551520,766,1/1/2020 0:00,0.865695706,0.0,0.0,0.865695706,,7
552240,767,1/1/2020 0:00,0.8659924912522787,0.0,0.0,0.8659924912522787,,7
552960,768,1/1/2020 0:00,0.6043823386787787,0.0,0.0,0.6043823386787787,,7
553680,769,1/1/2020 0:00,0.8109666361939379,0.0,0.0,0.8109666361939379,,7
554400,770,1/1/2020 0:00,0.2943713440318063,0.0,0.0,0.2943713440318063,,7
555120,771,1/1/2020 0:00,0.995864395,0.0,0.0,0.995864395,,7
555840,772,1/1/2020 0:00,0.3662651127527959,0.0,0.0,0.3662651127527959,,7
556560,773,1/1/2020 0:00,0.5706057757712751,0.0,0.0,0.5706057757712751,,7
557280,774,1/1/2020 0:00,0.809557132,0.0,0.0,0.809557132,,7
558000,775,1/1/2020 0:00,0.3546777650688258,0.0,0.0,0.3546777650688258,,7
558720,776,1/1/2020 0:00,0.4613455537555955,0.0,0.0,0.4613455537555955,,7
559440,777,1/1/2020 0:00,0.8588566681499966,0.0,0.0,0.8588566681499966,,7
560160,778,1/1/2020 0:00,0.8131694916497768,0.0,0.0,0.8131694916497768,,8
560880,779,1/1/2020 0:00,0.936232027000824,0.0,0.0,0.936232027000824,,8
561600,780,1/1/2020 0:00,0.7949708033991496,0.0,0.0,0.7949708033991496,,8
562320,781,1/1/2020 0:00,0.5247149240261333,0.0,0.0,0.5247149240261333,,8
563040,782,1/1/2020 0:00,0.355589957,0.0,0.0,0.355589957,,8
563760,783,1/1/2020 0:00,0.5315629240973772,0.0,0.0,0.5315629240973772,,8
564480,784,1/1/2020 0:00,0.3327101251225718,0.0,0.0,0.3327101251225718,,8
565200,785,1/1/2020 0:00,0.9750063033249304,0.0,0.0,0.9750063033249304,,8
565920,786,1/1/2020 0:00,0.6698400631689392,0.0,0.0,0.6698400631689392,,8
566640,787,1/1/2020 0:00,0.577647776,0.0,0.0,0.577647776,,8
567360,788,1/1/2020 0:00,0.6434039886547694,0.0,0.0,0.6434039886547694,,8
568080,789,1/1/2020 0:00,0.9545195357669712,0.0,0.0,0.9545195357669712,,8
568800,790,1/1/2020 0:00,0.3830446180646121,0.0,0.0,0.3830446180646121,,8
569520,791,1/1/2020 0:00,0.6795794653718661,0.0,0.0,0.6795794653718661,,8
570240,792,1/1/2020 0:00,0.6114069010293619,0.0,0.0,0.6114069010293619,,8
570960,793,1/1/2020 0:00,0.7928365352386555,0.0,0.0,0.7928365352386555,,8
571680,794,1/1/2020 0:00,0.2353206891847783,0.0,0.0,0.2353206891847783,,8
572400,795,1/1/2020 0:00,0.925829867502288,0.0,0.0,0.925829867502288,,8
573120,796,1/1/2020 0:00,1.0089845135700723,0.0,0.0,1.0089845135700723,,8
573840,797,1/1/2020 0:00,0.7005265729974004,0.0,0.0,0.7005265729974004,,8
574560,798,1/1/2020 0:00,0.9135057163810096,0.0,0.0,0.9135057163810096,,8
575280,799,1/1/2020 0:00,1.0160899076715932,0.0,0.0,1.0160899076715932,,8
576000,800,1/1/2020 0:00,0.8140936283857824,0.0,0.0,0.8140936283857824,,8
576720,801,1/1/2020 0:00,0.3853858314393257,0.0,0.0,0.3853858314393257,,8
577440,802,1/1/2020 0:00,0.7634797386017026,0.0,0.0,0.7634797386017026,,8
578160,803,1/1/2020 0:00,0.730002503,0.0,0.0,0.730002503,,8
578880,804,1/1/2020 0:00,0.4751287672473116,0.0,0.0,0.4751287672473116,,8
579600,805,1/1/2020 0:00,0.7143928578470103,0.0,0.0,0.7143928578470103,,8
580320,806,1/1/2020 0:00,1.0083925705759058,0.0,0.0,1.0083925705759058,,8
581040,807,1/1/2020 0:00,1.0495319339847615,0.0,0.0,1.0495319339847615,,8
581760,808,1/1/2020 0:00,0.6249441602218931,0.0,0.0,0.6249441602218931,,8
582480,809,1/1/2020 0:00,0.3279896917863863,0.0,0.0,0.3279896917863863,,8
583200,810,1/1/2020 0:00,0.9139641772744856,0.0,0.0,0.9139641772744856,,8
583920,811,1/1/2020 0:00,0.9149994656877152,0.0,0.0,0.9149994656877152,,8
584640,812,1/1/2020 0:00,0.3545434940538773,0.0,0.0,0.3545434940538773,,8
585360,813,1/1/2020 0:00,0.8287862182607258,0.0,0.0,0.8287862182607258,,8
586080,814,1/1/2020 0:00,0.8032618456335797,0.0,0.0,0.8032618456335797,,8
586800,815,1/1/2020 0:00,0.5725258150332486,0.0,0.0,0.5725258150332486,,8
587520,816,1/1/2020 0:00,0.606581452,0.0,0.0,0.606581452,,8
588240,817,1/1/2020 0:00,0.6293926029405644,0.0,0.0,0.6293926029405644,,8
588960,818,1/1/2020 0:00,0.2512541889748919,0.0,0.0,0.2512541889748919,,8
589680,819,1/1/2020 0:00,0.6061678177682448,0.0,0.0,0.6061678177682448,,8
590400,820,1/1/2020 0:00,0.8452687320570249,0.0,0.0,0.8452687320570249,,8
591120,821,1/1/2020 0:00,0.2283572987404873,0.0,0.0,0.2283572987404873,,8
591840,822,1/1/2020 0:00,0.4350715106986838,0.0,0.0,0.4350715106986838,,8
592560,823,1/1/2020 0:00,0.5052648063115862,0.0,0.0,0.5052648063115862,,8
593280,824,1/1/2020 0:00,0.6662465662287079,0.0,0.0,0.6662465662287079,,8
594000,825,1/1/2020 0:00,1.0059017215953414,0.0,0.0,1.0059017215953414,,8
594720,826,1/1/2020 0:00,0.5881754496933562,0.0,0.0,0.5881754496933562,,8
595440,827,1/1/2020 0:00,0.4786330641633785,0.0,0.0,0.4786330641633785,,8
596160,828,1/1/2020 0:00,0.6395891336857744,0.0,0.0,0.6395891336857744,,8
596880,829,1/1/2020 0:00,0.7405469732544404,0.0,0.0,0.7405469732544404,,8
597600,830,1/1/2020 0:00,0.5146892127886413,0.0,0.0,0.5146892127886413,,8
598320,831,1/1/2020 0:00,0.5653749179943616,0.0,0.0,0.5653749179943616,,8
599040,832,1/1/2020 0:00,0.3782800065731823,0.0,0.0,0.3782800065731823,,8
599760,833,1/1/2020 0:00,0.4042588804699774,0.0,0.0,0.4042588804699774,,8
600480,834,1/1/2020 0:00,0.6387343859722363,0.0,0.0,0.6387343859722363,,8
601200,835,1/1/2020 0:00,0.5980438950061674,0.0,0.0,0.5980438950061674,,8
601920,836,1/1/2020 0:00,1.054335314402187,0.0,0.0,1.054335314402187,,8
602640,837,1/1/2020 0:00,0.5452518582884696,0.0,0.0,0.5452518582884696,,8
603360,838,1/1/2020 0:00,0.73747759,0.0,0.0,0.73747759,,8
604080,839,1/1/2020 0:00,0.8744576560288649,0.0,0.0,0.8744576560288649,,8
604800,840,1/1/2020 0:00,0.303173799,0.0,0.0,0.303173799,,8
605520,841,1/1/2020 0:00,0.8193833112576003,0.0,0.0,0.8193833112576003,,8
606240,842,1/1/2020 0:00,0.3789423944787962,0.0,0.0,0.3789423944787962,,9
606960,843,1/1/2020 0:00,1.087412061589516,0.0,0.0,1.087412061589516,,9
607680,844,1/1/2020 0:00,0.3776322512023153,0.0,0.0,0.3776322512023153,,9
608400,845,1/1/2020 0:00,0.5080667584873101,0.0,0.0,0.5080667584873101,,9
609120,846,1/1/2020 0:00,0.2374336428053637,0.0,0.0,0.2374336428053637,,9
609840,847,1/1/2020 0:00,1.00089001464147,0.0,0.0,1.00089001464147,,9
610560,848,1/1/2020 0:00,0.5438132157624774,0.0,0.0,0.5438132157624774,,9
611280,849,1/1/2020 0:00,0.666361582,0.0,0.0,0.666361582,,9
612000,850,1/1/2020 0:00,0.3135306415601347,0.0,0.0,0.3135306415601347,,9
612720,851,1/1/2020 0:00,0.6908462275663269,0.0,0.0,0.6908462275663269,,9
613440,852,1/1/2020 0:00,0.3286765444875915,0.0,0.0,0.3286765444875915,,9
614160,853,1/1/2020 0:00,0.9471483225826453,0.0,0.0,0.9471483225826453,,9
614880,854,1/1/2020 0:00,0.4681195092428573,0.0,0.0,0.4681195092428573,,9
615600,855,1/1/2020 0:00,0.3540833619307525,0.0,0.0,0.3540833619307525,,9
616320,856,1/1/2020 0:00,0.3100964265310873,0.0,0.0,0.3100964265310873,,9
617040,857,1/1/2020 0:00,0.5855112040383041,0.0,0.0,0.5855112040383041,,9
617760,858,1/1/2020 0:00,0.5968781867073539,0.0,0.0,0.5968781867073539,,9
618480,859,1/1/2020 0:00,0.2709996324079695,0.0,0.0,0.2709996324079695,,9
619200,860,1/1/2020 0:00,0.8054415535521416,0.0,0.0,0.8054415535521416,,9
619920,861,1/1/2020 0:00,0.6653891576990838,0.0,0.0,0.6653891576990838,,9
620640,862,1/1/2020 0:00,0.7403925587929947,0.0,0.0,0.7403925587929947,,9
621360,863,1/1/2020 0:00,0.4856415564600665,0.0,0.0,0.4856415564600665,,9
622080,864,1/1/2020 0:00,0.5945842853480134,0.0,0.0,0.5945842853480134,,9
622800,865,1/1/2020 0:00,0.716181886,0.0,0.0,0.716181886,,9
623520,866,1/1/2020 0:00,0.3183202955375891,0.0,0.0,0.3183202955375891,,9
624240,867,1/1/2020 0:00,0.398057578,0.0,0.0,0.398057578,,9
624960,868,1/1/2020 0:00,0.8761163059733028,0.0,0.0,0.8761163059733028,,9
625680,869,1/1/2020 0:00,0.8176094336799858,0.0,0.0,0.8176094336799858,,9
626400,870,1/1/2020 0:00,0.5292336306635042,0.0,0.0,0.5292336306635042,,9
627120,871,1/1/2020 0:00,0.4932163153200992,0.0,0.0,0.4932163153200992,,9
627840,872,1/1/2020 0:00,0.5945299584029841,0.0,0.0,0.5945299584029841,,9
628560,873,1/1/2020 0:00,0.5126711506267666,0.0,0.0,0.5126711506267666,,9
629280,874,1/1/2020 0:00,0.293927576,0.0,0.0,0.293927576,,9
630000,875,1/1/2020 0:00,0.3457338943521415,0.0,0.0,0.3457338943521415,,9
630720,876,1/1/2020 0:00,0.744193361,0.0,0.0,0.744193361,,9
631440,877,1/1/2020 0:00,0.7278161425796752,0.0,0.0,0.7278161425796752,,9
632160,878,1/1/2020 0:00,0.2300504911059278,0.0,0.0,0.2300504911059278,,9
632880,879,1/1/2020 0:00,0.4449438958713593,0.0,0.0,0.4449438958713593,,9
633600,880,1/1/2020 0:00,0.4513834677163012,0.0,0.0,0.4513834677163012,,9
634320,881,1/1/2020 0:00,0.7767990113790428,0.0,0.0,0.7767990113790428,,9
635040,882,1/1/2020 0:00,0.2538602693645033,0.0,0.0,0.2538602693645033,,9
635760,883,1/1/2020 0:00,0.3299519507069294,0.0,0.0,0.3299519507069294,,9
636480,884,1/1/2020 0:00,0.8081558290872536,0.0,0.0,0.8081558290872536,,9
637200,885,1/1/2020 0:00,0.4353547592450759,0.0,0.0,0.4353547592450759,,9
637920,886,1/1/2020 0:00,0.7391763041442065,0.0,0.0,0.7391763041442065,,9
638640,887,1/1/2020 0:00,0.5096299194712185,0.0,0.0,0.5096299194712185,,9
639360,888,1/1/2020 0:00,0.3342709015374319,0.0,0.0,0.3342709015374319,,9
640080,889,1/1/2020 0:00,0.5185126616869701,0.0,0.0,0.5185126616869701,,9
640800,890,1/1/2020 0:00,0.8004009338920688,0.0,0.0,0.8004009338920688,,9
641520,891,1/1/2020 0:00,0.7956899441006678,0.0,0.0,0.7956899441006678,,9
642240,892,1/1/2020 0:00,0.9572513424823832,0.0,0.0,0.9572513424823832,,9
642960,893,1/1/2020 0:00,0.509302552,0.0,0.0,0.509302552,,9
643680,894,1/1/2020 0:00,0.7650686586406263,0.0,0.0,0.7650686586406263,,9
644400,895,1/1/2020 0:00,0.3487936160347945,0.0,0.0,0.3487936160347945,,9
645120,896,1/1/2020 0:00,0.4430407020533485,0.0,0.0,0.4430407020533485,,9
645840,897,1/1/2020 0:00,0.8911696583024095,0.0,0.0,0.8911696583024095,,9
646560,898,1/1/2020 0:00,0.243924213100576,0.0,0.0,0.243924213100576,,9
647280,899,1/1/2020 0:00,0.3211508199396315,0.0,0.0,0.3211508199396315,,9
648000,900,1/1/2020 0:00,0.516803487,0.0,0.0,0.516803487,,9
648720,901,1/1/2020 0:00,0.2960215947523967,0.0,0.0,0.2960215947523967,,9
649440,902,1/1/2020 0:00,0.3120890059944429,0.0,0.0,0.3120890059944429,,9
650160,903,1/1/2020 0:00,0.7076260768591698,0.0,0.0,0.7076260768591698,,9
650880,904,1/1/2020 0:00,0.4379030508145229,0.0,0.0,0.4379030508145229,,9
651600,905,1/1/2020 0:00,1.1281721162803466,0.0,0.0,1.1281721162803466,,9
652320,906,1/1/2020 0:00,1.0760640917993167,0.0,0.0,1.0760640917993167,,9
653040,907,1/1/2020 0:00,0.4795899135705073,0.0,0.0,0.4795899135705073,,9
653760,908,1/1/2020 0:00,0.4195928227783572,0.0,0.0,0.4195928227783572,,9
654480,909,1/1/2020 0:00,0.5200787264596534,0.0,0.0,0.5200787264596534,,9
655200,910,1/1/2020 0:00,0.5925843800898862,0.0,0.0,0.5925843800898862,,9
655920,911,1/1/2020 0:00,0.4111805361529473,0.0,0.0,0.4111805361529473,,9
656640,912,1/1/2020 0:00,0.6036032066549567,0.0,0.0,0.6036032066549567,,9
657360,913,1/1/2020 0:00,0.5760491068436447,0.0,0.0,0.5760491068436447,,9
658080,914,1/1/2020 0:00,0.736306123,0.0,0.0,0.736306123,,9
658800,915,1/1/2020 0:00,0.6649248377234694,0.0,0.0,0.6649248377234694,,9
659520,916,1/1/2020 0:00,0.5077537211249125,0.0,0.0,0.5077537211249125,,9
660240,917,1/1/2020 0:00,0.950443276185672,0.0,0.0,0.950443276185672,,9
660960,918,1/1/2020 0:00,0.6876724041825362,0.0,0.0,0.6876724041825362,,9
661680,919,1/1/2020 0:00,0.3503515124334072,0.0,0.0,0.3503515124334072,,9
662400,920,1/1/2020 0:00,0.9095087672777268,0.0,0.0,0.9095087672777268,,9
663120,921,1/1/2020 0:00,0.586371949,0.0,0.0,0.586371949,,9
663840,922,1/1/2020 0:00,0.9011844531864344,0.0,0.0,0.9011844531864344,,9
664560,923,1/1/2020 0:00,0.8654466259148879,0.0,0.0,0.8654466259148879,,9
665280,924,1/1/2020 0:00,0.5236870641814017,0.0,0.0,0.5236870641814017,,9
666000,925,1/1/2020 0:00,0.2475641284924039,0.0,0.0,0.2475641284924039,,9
666720,926,1/1/2020 0:00,0.4626153764787024,0.0,0.0,0.4626153764787024,,9
667440,927,1/1/2020 0:00,0.6814778188839451,0.0,0.0,0.6814778188839451,,9
668160,928,1/1/2020 0:00,0.7392992943925304,0.0,0.0,0.7392992943925304,,9
668880,929,1/1/2020 0:00,0.4205653297525116,0.0,0.0,0.4205653297525116,,9
669600,930,1/1/2020 0:00,0.3090077578701241,0.0,0.0,0.3090077578701241,,9
670320,931,1/1/2020 0:00,0.7541734975892672,0.0,0.0,0.7541734975892672,,9
671040,932,1/1/2020 0:00,1.1064261711672594,0.0,0.0,1.1064261711672594,,9
671760,933,1/1/2020 0:00,0.6657021078555391,0.0,0.0,0.6657021078555391,,9
672480,934,1/1/2020 0:00,0.3655596674004608,0.0,0.0,0.3655596674004608,,9
673200,935,1/1/2020 0:00,0.3674376328360602,0.0,0.0,0.3674376328360602,,9
673920,936,1/1/2020 0:00,0.2928979625565071,0.0,0.0,0.2928979625565071,,9
674640,937,1/1/2020 0:00,0.8106646060494194,0.0,0.0,0.8106646060494194,,9
675360,938,1/1/2020 0:00,0.3674316531442816,0.0,0.0,0.3674316531442816,,9
676080,939,1/1/2020 0:00,0.7277405409259273,0.0,0.0,0.7277405409259273,,9
676800,940,1/1/2020 0:00,0.4519001474656924,0.0,0.0,0.4519001474656924,,9
677520,941,1/1/2020 0:00,0.6829611347603435,0.0,0.0,0.6829611347603435,,9
678240,942,1/1/2020 0:00,0.7918677587673749,0.0,0.0,0.7918677587673749,,9
678960,943,1/1/2020 0:00,0.7817426806249805,0.0,0.0,0.7817426806249805,,9
679680,944,1/1/2020 0:00,0.444753507,0.0,0.0,0.444753507,,9
680400,945,1/1/2020 0:00,0.2298149502560328,0.0,0.0,0.2298149502560328,,9
681120,946,1/1/2020 0:00,0.2863362018674594,0.0,0.0,0.2863362018674594,,9
681840,947,1/1/2020 0:00,0.9615697882417176,0.0,0.0,0.9615697882417176,,9
682560,948,1/1/2020 0:00,0.9507934375893696,0.0,0.0,0.9507934375893696,,9
683280,949,1/1/2020 0:00,0.7724122410697943,0.0,0.0,0.7724122410697943,,9
684000,950,1/1/2020 0:00,0.7601100085024161,0.0,0.0,0.7601100085024161,,9
684720,951,1/1/2020 0:00,0.701724957,0.0,0.0,0.701724957,,9
685440,952,1/1/2020 0:00,0.3630284493686247,0.0,0.0,0.3630284493686247,,9
686160,953,1/1/2020 0:00,0.8452655484043442,0.0,0.0,0.8452655484043442,,9
686880,954,1/1/2020 0:00,0.5752005057179238,0.0,0.0,0.5752005057179238,,9
687600,955,1/1/2020 0:00,0.5268323762319986,0.0,0.0,0.5268323762319986,,9
688320,956,1/1/2020 0:00,0.600239466,0.0,0.0,0.600239466,,9
689040,957,1/1/2020 0:00,0.2540414525230963,0.0,0.0,0.2540414525230963,,9
689760,958,1/1/2020 0:00,0.4013347131996143,0.0,0.0,0.4013347131996143,,9
690480,959,1/1/2020 0:00,0.6896513697943212,0.0,0.0,0.6896513697943212,,9
691200,960,1/1/2020 0:00,0.3449036235221128,0.0,0.0,0.3449036235221128,,9
691920,961,1/1/2020 0:00,0.5543762309246635,0.0,0.0,0.5543762309246635,,9
692640,962,1/1/2020 0:00,0.4096065468290973,0.0,0.0,0.4096065468290973,,9
693360,963,1/1/2020 0:00,0.4809579402771878,0.0,0.0,0.4809579402771878,,9
694080,964,1/1/2020 0:00,0.3691331706701312,0.0,0.0,0.3691331706701312,,9
694800,965,1/1/2020 0:00,0.5491597111686393,0.0,0.0,0.5491597111686393,,9
695520,966,1/1/2020 0:00,0.8356313436996159,0.0,0.0,0.8356313436996159,,9
696240,967,1/1/2020 0:00,0.4771341027414829,0.0,0.0,0.4771341027414829,,9
696960,968,1/1/2020 0:00,0.766949992,0.0,0.0,0.766949992,,9
697680,969,1/1/2020 0:00,0.6265941507432217,0.0,0.0,0.6265941507432217,,9
698400,970,1/1/2020 0:00,0.733306115,0.0,0.0,0.733306115,,9
699120,971,1/1/2020 0:00,0.9118611616878108,0.0,0.0,0.9118611616878108,,9
699840,972,1/1/2020 0:00,0.6647862598915232,0.0,0.0,0.6647862598915232,,9
700560,973,1/1/2020 0:00,0.4119169964147718,0.0,0.0,0.4119169964147718,,9
701280,974,1/1/2020 0:00,0.3161833383470959,0.0,0.0,0.3161833383470959,,9
702000,975,1/1/2020 0:00,0.5143141550346657,0.0,0.0,0.5143141550346657,,9
702720,976,1/1/2020 0:00,0.6563095555693161,0.0,0.0,0.6563095555693161,,9
703440,977,1/1/2020 0:00,0.2910703676332093,0.0,0.0,0.2910703676332093,,9
704160,978,1/1/2020 0:00,0.61640929,0.0,0.0,0.61640929,,9
704880,979,1/1/2020 0:00,0.7664898791850201,0.0,0.0,0.7664898791850201,,9
705600,980,1/1/2020 0:00,0.487914687787197,0.0,0.0,0.487914687787197,,9
706320,981,1/1/2020 0:00,0.79165818,0.0,0.0,0.79165818,,9
707040,982,1/1/2020 0:00,0.354511592,0.0,0.0,0.354511592,,9
707760,983,1/1/2020 0:00,0.3572317232853442,0.0,0.0,0.3572317232853442,,9
708480,984,1/1/2020 0:00,0.7469248498553753,0.0,0.0,0.7469248498553753,,9
709200,985,1/1/2020 0:00,0.6539491357341031,0.0,0.0,0.6539491357341031,,9
709920,986,1/1/2020 0:00,0.7524583370981343,0.0,0.0,0.7524583370981343,,9
710640,987,1/1/2020 0:00,0.5092502466967778,0.0,0.0,0.5092502466967778,,9
711360,988,1/1/2020 0:00,0.4286797849129524,0.0,0.0,0.4286797849129524,,9
712080,989,1/1/2020 0:00,0.749203611,0.0,0.0,0.749203611,,9
712800,990,1/1/2020 0:00,0.8250214534268328,0.0,0.0,0.8250214534268328,,9
713520,991,1/1/2020 0:00,0.7348092320077376,0.0,0.0,0.7348092320077376,,9
714240,992,1/1/2020 0:00,0.4412779065449593,0.0,0.0,0.4412779065449593,,9
714960,993,1/1/2020 0:00,0.7000383236152465,0.0,0.0,0.7000383236152465,,9
715680,994,1/1/2020 0:00,0.541873564,0.0,0.0,0.541873564,,9
716400,995,1/1/2020 0:00,0.3228752647154025,0.0,0.0,0.3228752647154025,,9
717120,996,1/1/2020 0:00,0.7958081499956551,0.0,0.0,0.7958081499956551,,9
717840,997,1/1/2020 0:00,0.3743489424148858,0.0,0.0,0.3743489424148858,,9
718560,998,1/1/2020 0:00,1.0337326871193853,0.0,0.0,1.0337326871193853,,9
719280,999,1/1/2020 0:00,0.5821736114234077,0.0,0.0,0.5821736114234077,,9
